{"dt": 0.014411039697577177, "steps": 29001, "Re": 10000.0, "N": 16, "tol": 1e-07, "bcs": {"U_wall_top": -1, "U_wall_bot": 0, "U_wall_left": 0, "U_wall_right": 0, "V_wall_top": 0, "V_wall_bot": 0, "V_wall_left": 0, "V_wall_right": 0}, "residual_steps": [1, 1000, 2000, 3000, 4000, 5000, 6000, 7000, 8000, 9000, 10000, 11000, 12000, 13000, 14000, 15000, 16000, 17000, 18000, 19000, 20000, 21000, 22000, 23000, 24000, 25000, 26000, 27000, 28000, 29000], "diff_list": [1, 8.58691582333055e-05, 5.89259535516435e-05, 4.5753410794609206e-05, 3.257396555039066e-05, 1.935345098523153e-05, 1.375634508704246e-05, 1.0509783889091351e-05, 1.0463107084515352e-05, 6.6175384920205e-06, 5.46676062051837e-06, 4.148902194208923e-06, 2.9910836459152122e-06, 2.3736675390205464e-06, 1.6855306628864308e-06, 1.0609324986423155e-06, 1.299301951355157e-06, 9.222963952802699e-07, 5.34357992038742e-07, 3.959059457665781e-07, 3.084452451385805e-07, 3.2232635100055973e-07, 2.665276854314433e-07, 2.4713016879424066e-07, 2.0519754692291392e-07, 1.3899476656968612e-07, 1.515994566391593e-07, 1.2333158704719294e-07, 1.1522103923744531e-07, 8.608221009273609e-08], "maxdiv_list": [1, 3.868432851765596e-17, 6.44470511265715e-17, 5.442694905877232e-17, 1.1611805267319752e-16, 8.937695196460446e-17, 3.671176998668068e-17, 8.630249292984615e-17, 6.045360151078452e-17, 6.948282608659081e-17, 4.412702842016003e-17, 6.164743012013907e-17, 7.958043946043603e-17, 1.2723112494117395e-16, 9.562663161322149e-17, 6.564844154399729e-17, 8.621992744294189e-17, 7.182839392716467e-17, 6.375108774214766e-17, 4.36998448160497e-17, 6.938893903907228e-17, 1.2465614478152087e-16, 6.848730008620099e-17, 8.727827488508311e-17, 8.277883586926826e-17, 5.442694905877232e-17, 8.291436114082895e-17, 8.023096076392733e-17, 6.562197343983462e-17, 4.228388472693467e-17], "dual_widths": [0.004803679899192392, 0.019030116872178315, 0.0373289170251713, 0.05419318783118479, 0.06897484482073574, 0.0811058372053644, 0.09011997775086855, 0.0956708580912724, 0.0975451610080641, 0.0956708580912724, 0.09011997775086855, 0.08110583720536435, 0.0689748448207359, 0.054193187831184764, 0.03732891702517138, 0.01903011687217826, 0.004803679899192392], "primal_widths": [0.009607359798384785, 0.028452873945971846, 0.04620496010437075, 0.06218141555799883, 0.07576827408347264, 0.08644340032725623, 0.09379655517448077, 0.0975451610080641, 0.09754516100806415, 0.09379655517448071, 0.08644340032725617, 0.07576827408347275, 0.06218141555799894, 0.046204960104370696, 0.028452873945971846, 0.009607359798384785], "h_min": 0.004803679899192392, "th_min": 0.009607359798384785}