{"dt": 0.0002493778639098189, "steps": 69001, "Re": 1000.0, "N": 64, "tol": 1e-07, "bcs": {"U_wall_top": -1, "U_wall_bot": 0, "U_wall_left": 0, "U_wall_right": 0, "V_wall_top": 0, "V_wall_bot": 0, "V_wall_left": 0, "V_wall_right": 0}, "residual_steps": [1, 1000, 2000, 3000, 4000, 5000, 6000, 7000, 8000, 9000, 10000, 11000, 12000, 13000, 14000, 15000, 16000, 17000, 18000, 19000, 20000, 21000, 22000, 23000, 24000, 25000, 26000, 27000, 28000, 29000, 30000, 31000, 32000, 33000, 34000, 35000, 36000, 37000, 38000, 39000, 40000, 41000, 42000, 43000, 44000, 45000, 46000, 47000, 48000, 49000, 50000, 51000, 52000, 53000, 54000, 55000, 56000, 57000, 58000, 59000, 60000, 61000, 62000, 63000, 64000, 65000, 66000, 67000, 68000, 69000], "diff_list": [1, 2.054961493111289e-06, 1.957987567342053e-06, 1.8873901123624484e-06, 1.8866480755515454e-06, 1.9028710523407398e-06, 1.8191865215535369e-06, 1.8201196999032346e-06, 1.7086104379601674e-06, 1.6395317949400093e-06, 1.594620073402074e-06, 1.5316537318489643e-06, 1.4579867414253947e-06, 1.3708311836727743e-06, 1.2833157818714983e-06, 1.2199016179732097e-06, 1.1567332686215903e-06, 1.0877175124924393e-06, 1.0174238903081292e-06, 9.629182227671035e-07, 9.116646572382425e-07, 8.49850087479391e-07, 8.070789093185537e-07, 7.616105360767206e-07, 7.180588559125775e-07, 6.8172734826559e-07, 6.431411367210579e-07, 6.098889424044351e-07, 5.768567751312723e-07, 5.476178851935784e-07, 5.204070596745436e-07, 4.908572102104922e-07, 4.693380588165208e-07, 4.438829135661876e-07, 4.2373635875635196e-07, 4.0381508624107165e-07, 3.8223893161423717e-07, 3.6711924506372534e-07, 3.493180214062669e-07, 3.325731855827879e-07, 3.184926172638408e-07, 3.0433266814261506e-07, 2.8958543824095934e-07, 2.7871293130886376e-07, 2.6697581298126827e-07, 2.55028402307636e-07, 2.4487717195306735e-07, 2.3574235876594463e-07, 2.2633339916925538e-07, 2.1711452489504846e-07, 2.0871962503731661e-07, 2.012903588567705e-07, 1.943019614482691e-07, 1.8701286424050584e-07, 1.7954006367639636e-07, 1.7299211241706552e-07, 1.6733643470791953e-07, 1.6150958489623973e-07, 1.5557443733271725e-07, 1.4972016443032948e-07, 1.4410356697931032e-07, 1.3845195471345884e-07, 1.3327650074876352e-07, 1.2829962945954537e-07, 1.2334425368836638e-07, 1.1858156498227579e-07, 1.1382048579859638e-07, 1.0908362923101739e-07, 1.0439154984626803e-07, 9.976302634256279e-08], "maxdiv_list": [1, 1.5845018025288483e-18, 1.9844546744242285e-18, 1.810956441229694e-18, 2.168404344971009e-18, 1.734723475976807e-18, 2.6020852139652106e-18, 2.6020852139652106e-18, 2.8731357570865868e-18, 2.168404344971009e-18, 3.0357660829594124e-18, 3.469446951953614e-18, 3.469446951953614e-18, 3.469446951953614e-18, 3.469446951953614e-18, 3.469446951953614e-18, 3.0357660829594124e-18, 2.6020852139652106e-18, 3.469446951953614e-18, 3.903127820947816e-18, 2.6020852139652106e-18, 2.6020852139652106e-18, 3.469446951953614e-18, 3.469446951953614e-18, 3.469446951953614e-18, 2.6020852139652106e-18, 2.6020852139652106e-18, 3.469446951953614e-18, 2.6020852139652106e-18, 2.6020852139652106e-18, 2.8189256484623115e-18, 2.6020852139652106e-18, 3.469446951953614e-18, 2.6020852139652106e-18, 3.469446951953614e-18, 3.0357660829594124e-18, 3.469446951953614e-18, 2.6020852139652106e-18, 2.6020852139652106e-18, 3.469446951953614e-18, 2.6020852139652106e-18, 2.6020852139652106e-18, 2.6020852139652106e-18, 3.469446951953614e-18, 3.469446951953614e-18, 3.0357660829594124e-18, 3.469446951953614e-18, 2.6020852139652106e-18, 3.469446951953614e-18, 3.469446951953614e-18, 3.469446951953614e-18, 2.6020852139652106e-18, 3.1374100366299285e-18, 2.8189256484623115e-18, 4.0115480381963664e-18, 3.469446951953614e-18, 3.469446951953614e-18, 3.469446951953614e-18, 3.469446951953614e-18, 3.469446951953614e-18, 3.469446951953614e-18, 3.469446951953614e-18, 2.7647155398380363e-18, 3.1170812458958252e-18, 3.469446951953614e-18, 3.469446951953614e-18, 3.469446951953614e-18, 3.469446951953614e-18, 3.469446951953614e-18, 3.686287386450715e-18], "dual_widths": [0.00030113594870689875, 0.0012038183319507678, 0.0024047365600978476, 0.0035998615672416245, 0.00478631419255926, 0.0059612361677554015, 0.007121797002880792, 0.008265200805230521, 0.009388693014894367, 0.010489567040732922, 0.011565170780792805, 0.012612913011452453, 0.013630269629906794, 0.01461478973495206, 0.015564101531421431, 0.016475918044047355, 0.01734804262698522, 0.01817837425572552, 0.018964912588646216, 0.0197057627860108, 0.02039914007480295, 0.02104337404840112, 0.021636912690734866, 0.022178326115226965, 0.022666310009515578, 0.02309968877765689, 0.02347741837223899, 0.023798588809583465, 0.024062426361975642, 0.024268295421641883, 0.0244157000319859, 0.02450428508239011, 0.02453383716370905, 0.02450428508239022, 0.0244157000319859, 0.024268295421641883, 0.02406242636197553, 0.02379858880958352, 0.023477418372239045, 0.02309968877765689, 0.022666310009515467, 0.022178326115226965, 0.021636912690734866, 0.021043374048401065, 0.020399140074802924, 0.019705762786010883, 0.0189649125886463, 0.01817837425572555, 0.017348042626985083, 0.016475918044047355, 0.015564101531421515, 0.014614789734952116, 0.013630269629906766, 0.012612913011452398, 0.011565170780792888, 0.010489567040732894, 0.009388693014894312, 0.008265200805230632, 0.0071217970028807365, 0.005961236167755457, 0.00478631419255926, 0.003599861567241569, 0.0024047365600977644, 0.0012038183319509344, 0.00030113594870684324], "primal_widths": [0.0006022718974137975, 0.0018053647664877381, 0.003004108353707957, 0.004195614780775292, 0.005377013604343228, 0.006545458731167575, 0.007698135274594009, 0.008832266335867034, 0.0099451196939217, 0.011034014387544144, 0.012096327174041466, 0.013129498848863441, 0.014131040410950146, 0.015098539058953975, 0.016029664003888888, 0.016922172084205822, 0.01777391316976462, 0.01858283534168642, 0.01934698983560601, 0.02006453573641559, 0.020733744413190314, 0.021353003683611926, 0.021920821697857806, 0.02243583053259618, 0.02289678948643492, 0.02330258806887886, 0.02365224867559912, 0.023944928943567867, 0.024179923780383306, 0.02435666706290046, 0.024474733001071336, 0.024533837163708994, 0.024533837163709105, 0.02447473300107128, 0.024356667062900517, 0.02417992378038325, 0.02394492894356781, 0.02365224867559912, 0.02330258806887897, 0.02289678948643481, 0.022435830532596124, 0.021920821697857917, 0.021353003683611926, 0.020733744413190203, 0.020064535736415645, 0.01934698983560601, 0.018582835341686588, 0.01777391316976451, 0.016922172084205656, 0.016029664003889055, 0.015098539058953975, 0.014131040410950257, 0.013129498848863275, 0.012096327174041521, 0.011034014387544255, 0.009945119693921645, 0.008832266335866978, 0.0076981352745940645, 0.0065454587311676304, 0.005377013604343173, 0.0041956147807753474, 0.0030041083537077906, 0.0018053647664878492, 0.0006022718974137975], "h_min": 0.00030113594870684324, "th_min": 0.0006022718974137975}