{"dt": 0.0002267071490089263, "steps": 124001, "Re": 1000.0, "N": 64, "tol": 1e-08, "bcs": {"U_wall_top": -1, "U_wall_bot": 0, "U_wall_left": 0, "U_wall_right": 0, "V_wall_top": 0, "V_wall_bot": 0, "V_wall_left": 0, "V_wall_right": 0}, "residual_steps": [1, 1000, 2000, 3000, 4000, 5000, 6000, 7000, 8000, 9000, 10000, 11000, 12000, 13000, 14000, 15000, 16000, 17000, 18000, 19000, 20000, 21000, 22000, 23000, 24000, 25000, 26000, 27000, 28000, 29000, 30000, 31000, 32000, 33000, 34000, 35000, 36000, 37000, 38000, 39000, 40000, 41000, 42000, 43000, 44000, 45000, 46000, 47000, 48000, 49000, 50000, 51000, 52000, 53000, 54000, 55000, 56000, 57000, 58000, 59000, 60000, 61000, 62000, 63000, 64000, 65000, 66000, 67000, 68000, 69000, 70000, 71000, 72000, 73000, 74000, 75000, 76000, 77000, 78000, 79000, 80000, 81000, 82000, 83000, 84000, 85000, 86000, 87000, 88000, 89000, 90000, 91000, 92000, 93000, 94000, 95000, 96000, 97000, 98000, 99000, 100000, 101000, 102000, 103000, 104000, 105000, 106000, 107000, 108000, 109000, 110000, 111000, 112000, 113000, 114000, 115000, 116000, 117000, 118000, 119000, 120000, 121000, 122000, 123000, 124000], "diff_list": [1, 1.809071155366073e-06, 1.691592498263405e-06, 1.7298232005973253e-06, 1.6889711704592796e-06, 1.6950293426428072e-06, 1.6924374445859494e-06, 1.6623537337475194e-06, 1.573215551319354e-06, 1.5499038157184425e-06, 1.5092947997707648e-06, 1.4495692539865518e-06, 1.3927931460074386e-06, 1.3170723927218367e-06, 1.2441957255296052e-06, 1.209361029775799e-06, 1.1528489859751953e-06, 1.0815428071464517e-06, 1.01876936984234e-06, 9.776896823044182e-07, 9.216088075773496e-07, 8.668551971530852e-07, 8.287629328267501e-07, 7.745533072327573e-07, 7.443968831665274e-07, 6.996027025144708e-07, 6.703568938924015e-07, 6.292516201598583e-07, 6.029649574305213e-07, 5.69038486187938e-07, 5.477180583367963e-07, 5.18891900203565e-07, 4.955774265879773e-07, 4.7308907402589945e-07, 4.4786386141533463e-07, 4.3107630636179256e-07, 4.104122729650661e-07, 3.92017274222084e-07, 3.7606800524104395e-07, 3.574191226474871e-07, 3.4298385501781853e-07, 3.2920229178085014e-07, 3.14610497716139e-07, 3.012748191243489e-07, 2.8953572644031117e-07, 2.7793381163904174e-07, 2.6516671522945623e-07, 2.560138631655176e-07, 2.467449363736246e-07, 2.3651015028554323e-07, 2.269516323509177e-07, 2.1969162746892507e-07, 2.1191256156013333e-07, 2.042715580375179e-07, 1.9658964429437875e-07, 1.897433936004153e-07, 1.8361768204175344e-07, 1.778148187563805e-07, 1.71838019612236e-07, 1.6569982511788206e-07, 1.5978391935869002e-07, 1.549504014914868e-07, 1.5021101678908827e-07, 1.453614025424474e-07, 1.4044191865361655e-07, 1.3564575900362752e-07, 1.310016911381176e-07, 1.2633139682798056e-07, 1.219781404519435e-07, 1.1787102567953345e-07, 1.1374623480955859e-07, 1.0976924694119233e-07, 1.0583121452627242e-07, 1.0190235394998831e-07, 9.799750098297283e-08, 9.413028745439839e-08, 9.031328003852868e-08, 8.657060028040287e-08, 8.312893235752628e-08, 7.98512511425431e-08, 7.662322066507438e-08, 7.345408093925587e-08, 7.03521273494323e-08, 6.732468613591253e-08, 6.437808844350634e-08, 6.151764930014542e-08, 5.8747656918843594e-08, 5.607137650975175e-08, 5.353356292286948e-08, 5.1091997575400394e-08, 4.874027323149149e-08, 4.647871216980487e-08, 4.430690086262151e-08, 4.222378136627819e-08, 4.0227750233365334e-08, 3.831676121876515e-08, 3.656932375927652e-08, 3.501071237609066e-08, 3.3514078113389134e-08, 3.207637640396943e-08, 3.0694442921391785e-08, 2.9365119712590482e-08, 2.8085368935885924e-08, 2.6852370469537812e-08, 2.566360035073656e-08, 2.4521279549417907e-08, 2.3425116800306067e-08, 2.236691298927035e-08, 2.134549703484978e-08, 2.036010154481821e-08, 1.9410317668271115e-08, 1.849603369248609e-08, 1.7617361309368862e-08, 1.6774554094725613e-08, 1.5967922907533794e-08, 1.5197752836586254e-08, 1.4464226130196656e-08, 1.3767354881122351e-08, 1.3106926622166726e-08, 1.2482464993059106e-08, 1.1893206800471512e-08, 1.1338095736584952e-08, 1.0815792162929827e-08, 1.0324697497995916e-08, 9.862991150362543e-09], "maxdiv_list": [1, 1.579480223589987e-18, 1.734723475976807e-18, 1.734723475976807e-18, 1.782157321023048e-18, 2.6020852139652106e-18, 3.469446951953614e-18, 1.768604793866979e-18, 2.6020852139652106e-18, 3.469446951953614e-18, 3.469446951953614e-18, 2.6020852139652106e-18, 2.6020852139652106e-18, 3.469446951953614e-18, 3.469446951953614e-18, 2.6020852139652106e-18, 3.0357660829594124e-18, 2.6020852139652106e-18, 3.469446951953614e-18, 3.469446951953614e-18, 3.0357660829594124e-18, 2.6020852139652106e-18, 3.469446951953614e-18, 3.469446951953614e-18, 2.6020852139652106e-18, 3.469446951953614e-18, 3.144186300207963e-18, 3.577867169202165e-18, 2.710505431213761e-18, 3.469446951953614e-18, 2.6020852139652106e-18, 3.903127820947816e-18, 3.469446951953614e-18, 3.469446951953614e-18, 5.204170427930421e-18, 3.469446951953614e-18, 3.469446951953614e-18, 2.6020852139652106e-18, 3.469446951953614e-18, 2.710505431213761e-18, 2.6020852139652106e-18, 3.469446951953614e-18, 3.469446951953614e-18, 3.469446951953614e-18, 2.8189256484623115e-18, 3.469446951953614e-18, 3.469446951953614e-18, 3.469446951953614e-18, 3.469446951953614e-18, 3.469446951953614e-18, 2.6020852139652106e-18, 3.469446951953614e-18, 2.6020852139652106e-18, 4.336808689942018e-18, 3.0357660829594124e-18, 2.6020852139652106e-18, 3.469446951953614e-18, 3.469446951953614e-18, 3.469446951953614e-18, 3.469446951953614e-18, 3.469446951953614e-18, 2.6020852139652106e-18, 3.0357660829594124e-18, 3.0357660829594124e-18, 3.0357660829594124e-18, 3.469446951953614e-18, 3.0357660829594124e-18, 3.469446951953614e-18, 4.336808689942018e-18, 3.2526065174565133e-18, 3.469446951953614e-18, 4.336808689942018e-18, 2.6020852139652106e-18, 3.469446951953614e-18, 3.469446951953614e-18, 3.0357660829594124e-18, 4.336808689942018e-18, 3.469446951953614e-18, 4.336808689942018e-18, 3.469446951953614e-18, 3.0357660829594124e-18, 3.469446951953614e-18, 3.0357660829594124e-18, 3.903127820947816e-18, 2.6020852139652106e-18, 3.469446951953614e-18, 3.469446951953614e-18, 3.469446951953614e-18, 3.469446951953614e-18, 3.469446951953614e-18, 3.469446951953614e-18, 3.469446951953614e-18, 3.469446951953614e-18, 3.469446951953614e-18, 3.469446951953614e-18, 3.469446951953614e-18, 3.469446951953614e-18, 3.469446951953614e-18, 3.469446951953614e-18, 3.469446951953614e-18, 4.336808689942018e-18, 3.469446951953614e-18, 4.336808689942018e-18, 3.469446951953614e-18, 4.336808689942018e-18, 3.469446951953614e-18, 4.336808689942018e-18, 3.469446951953614e-18, 3.469446951953614e-18, 3.469446951953614e-18, 3.469446951953614e-18, 4.336808689942018e-18, 3.469446951953614e-18, 3.469446951953614e-18, 3.469446951953614e-18, 4.336808689942018e-18, 3.0357660829594124e-18, 3.469446951953614e-18, 4.336808689942018e-18, 3.469446951953614e-18, 3.469446951953614e-18, 4.336808689942018e-18, 3.0357660829594124e-18, 3.469446951953614e-18, 3.469446951953614e-18],