{"dt": 0.00048036798991923924, "steps": 64001, "Re": 1000.0, "N": 16, "tol": 1e-07, "bcs": {"U_wall_top": -1, "U_wall_bot": 0, "U_wall_left": 0, "U_wall_right": 0, "V_wall_top": 0, "V_wall_bot": 0, "V_wall_left": 0, "V_wall_right": 0}, "residual_steps": [1, 1000, 2000, 3000, 4000, 5000, 6000, 7000, 8000, 9000, 10000, 11000, 12000, 13000, 14000, 15000, 16000, 17000, 18000, 19000, 20000, 21000, 22000, 23000, 24000, 25000, 26000, 27000, 28000, 29000, 30000, 31000, 32000, 33000, 34000, 35000, 36000, 37000, 38000, 39000, 40000, 41000, 42000, 43000, 44000, 45000, 46000, 47000, 48000, 49000, 50000, 51000, 52000, 53000, 54000, 55000, 56000, 57000, 58000, 59000, 60000, 61000, 62000, 63000, 64000], "diff_list": [1, 4.806385284840918e-06, 4.464170147373651e-06, 4.353251951711573e-06, 4.0094456731573636e-06, 3.7816049692652315e-06, 2.9583891788496908e-06, 2.7613621848979544e-06, 2.403577465989737e-06, 2.131259333910951e-06, 2.176759902994263e-06, 1.9587688154520944e-06, 1.9140841861914337e-06, 1.8927311878306347e-06, 1.8897074260271901e-06, 1.9186942127220885e-06, 1.9955264616705604e-06, 1.9052161656235578e-06, 1.894376815057136e-06, 1.699389389077377e-06, 1.6340996912625472e-06, 1.4717422285870363e-06, 1.2558775515612852e-06, 1.1553566288194372e-06, 1.122923902963785e-06, 1.0680699580115083e-06, 1.135994780773579e-06, 1.2224586462693428e-06, 1.2137854673605498e-06, 1.1119958657544135e-06, 9.327162138576817e-07, 8.9415762139812e-07, 7.768449316282108e-07, 6.242920426494623e-07, 6.668150687396844e-07, 6.422637990902364e-07, 5.555141327929364e-07, 4.887176139872079e-07, 4.103812567199383e-07, 3.2770468516921114e-07, 3.4164923256099766e-07, 3.399698795571171e-07, 3.217334691996143e-07, 3.041965862538021e-07, 3.0941103042539386e-07, 3.037514100245886e-07, 2.864551827165551e-07, 2.734520197049395e-07, 2.527196340500605e-07, 2.9073219214048075e-07, 2.949712356239563e-07, 2.662559786610792e-07, 2.0952034161748814e-07, 1.8836191435095146e-07, 2.0761957570948316e-07, 2.0887716823070552e-07, 1.8631239088833223e-07, 1.4359762480129195e-07, 1.2208658523721327e-07, 1.1996109599426985e-07, 1.1701050661727663e-07, 1.1014078695262275e-07, 1.0693563761918212e-07, 1.0015970946727903e-07, 9.608540527811238e-08], "maxdiv_list": [1, 3.511798599316329e-18, 3.469446951953614e-18, 1.0408340855860843e-17, 7.296209458750535e-18, 5.637851296924623e-18, 4.7704895589362195e-18, 6.071532165918825e-18, 6.938893903907228e-18, 9.373266594316088e-18, 6.938893903907228e-18, 6.5780578683768964e-18, 5.204170427930421e-18, 1.3877787807814457e-17, 5.204170427930421e-18, 8.61940727125976e-18, 1.2644507836612195e-17, 8.890457814381136e-18, 6.938893903907228e-18, 8.673617379884035e-18, 6.938893903907228e-18, 6.938893903907228e-18, 7.528428835196221e-18, 6.938893903907228e-18, 9.540979117872439e-18, 6.938893903907228e-18, 9.591552758391067e-18, 6.938893903907228e-18, 7.48099499014998e-18, 1.0408340855860843e-17, 1.1194387430912833e-17, 7.237049501340742e-18, 6.938893903907228e-18, 1.1817803680091998e-17, 6.938893903907228e-18, 1.2420171120167952e-17, 1.2074975704021265e-17, 1.0051457371992076e-17, 1.3877787807814457e-17, 7.26415455565288e-18, 1.0408340855860843e-17, 8.673617379884035e-18, 1.0408340855860843e-17, 1.2270132058008228e-17, 6.938893903907228e-18, 1.1600963245594897e-17, 1.4144704391406776e-17, 1.0408340855860843e-17, 9.812029660993815e-18, 6.938893903907228e-18, 1.0408340855860843e-17, 8.673617379884035e-18, 1.0408340855860843e-17, 6.938893903907228e-18, 7.447113672259809e-18, 6.938893903907228e-18, 1.0408340855860843e-17, 1.0408340855860843e-17, 1.3715157481941631e-17, 1.6223835607736397e-17, 1.2088854223213374e-17, 6.938893903907228e-18, 1.4257258568184383e-17, 8.673617379884035e-18, 1.089623183347932e-17], "dual_widths": [0.004803679899192392, 0.019030116872178315, 0.0373289170251713, 0.05419318783118479, 0.06897484482073574, 0.0811058372053644, 0.09011997775086855, 0.0956708580912724, 0.0975451610080641, 0.0956708580912724, 0.09011997775086855, 0.08110583720536435, 0.0689748448207359, 0.054193187831184764, 0.03732891702517138, 0.01903011687217826, 0.004803679899192392], "primal_widths": [0.009607359798384785, 0.028452873945971846, 0.04620496010437075, 0.06218141555799883, 0.07576827408347264, 0.08644340032725623, 0.09379655517448077, 0.0975451610080641, 0.09754516100806415, 0.09379655517448071, 0.08644340032725617, 0.07576827408347275, 0.06218141555799894, 0.046204960104370696, 0.028452873945971846, 0.009607359798384785], "h_min": 0.004803679899192392, "th_min": 0.009607359798384785}