{"dt": 7.245892881703646e-05, "steps": 40001, "Re": 100.0, "N": 32, "tol": 1e-07, "bcs": {"U_wall_top": -1, "U_wall_bot": 0, "U_wall_left": 0, "U_wall_right": 0, "V_wall_top": 0, "V_wall_bot": 0, "V_wall_left": 0, "V_wall_right": 0}, "residual_steps": [1, 1000, 2000, 3000, 4000, 5000, 6000, 7000, 8000, 9000, 10000, 11000, 12000, 13000, 14000, 15000, 16000, 17000, 18000, 19000, 20000, 21000, 22000, 23000, 24000, 25000, 26000, 27000, 28000, 29000, 30000, 31000, 32000, 33000, 34000, 35000, 36000, 37000, 38000, 39000, 40000], "diff_list": [1, 2.373704872970714e-06, 1.2978729711501588e-06, 1.0070454253769193e-06, 8.551005785083221e-07, 7.328073637173638e-07, 6.726596158577666e-07, 6.003818470755665e-07, 5.630632384737849e-07, 5.219677214418975e-07, 4.7294091661941734e-07, 4.4765915306263504e-07, 4.193558130558689e-07, 3.8751385656680265e-07, 3.6603497157675774e-07, 3.47711209335716e-07, 3.27193169349059e-07, 3.0513655526094585e-07, 2.8480402501813995e-07, 2.72312702633698e-07, 2.5888048822003684e-07, 2.447846986618901e-07, 2.3029838024969662e-07, 2.1795373812086988e-07, 2.0873439046144304e-07, 1.991725640630715e-07, 1.894171354592522e-07, 1.7960313571270536e-07, 1.698486912539432e-07, 1.611759113838082e-07, 1.5501938412532806e-07, 1.4878926128756437e-07, 1.42542949068368e-07, 1.36331400894113e-07, 1.3019870932599875e-07, 1.2418206593416137e-07, 1.183119962260698e-07, 1.1261278700172572e-07, 1.0737357145334386e-07, 1.0344512411594731e-07, 9.956490075804791e-08], "maxdiv_list": [1, 2.8189256484623115e-18, 2.6020852139652106e-18, 2.705529112648642e-18, 3.903127820947816e-18, 3.903127820947816e-18, 4.0115480381963664e-18, 4.323256162785949e-18, 3.4728350837426314e-18, 6.428133036712885e-18, 3.916680348103885e-18, 4.865357249028701e-18, 3.469446951953614e-18, 5.204170427930421e-18, 3.469446951953614e-18, 4.824699667560495e-18, 3.699839913606784e-18, 4.7704895589362195e-18, 5.204170427930421e-18, 5.421010862427522e-18, 4.336808689942018e-18, 3.469446951953614e-18, 3.699839913606784e-18, 6.938893903907228e-18, 5.204170427930421e-18, 6.784733907506946e-18, 6.938893903907228e-18, 5.312590645178972e-18, 5.244828009398628e-18, 5.9631119486702744e-18, 8.673617379884035e-18, 5.204170427930421e-18, 4.065758146820642e-18, 6.938893903907228e-18, 5.204170427930421e-18, 4.404571325722362e-18, 6.938893903907228e-18, 6.179952383167375e-18, 5.854691731421724e-18, 5.204170427930421e-18, 5.204170427930421e-18], "dual_widths": [0.0012038183319507678, 0.004803679899192392, 0.009561097734997026, 0.014226436972985923, 0.018754767845963444, 0.023102480052185376, 0.027227702746404514, 0.031090707778999416, 0.034654292299772876, 0.03788413704173632, 0.04074913683441192, 0.04322170016362814, 0.045278014892883856, 0.04689827758724041, 0.04806688423122535, 0.04877258050403205, 0.04900857016478033, 0.048772580504032104, 0.04806688423122529, 0.04689827758724041, 0.045278014892883967, 0.04322170016362803, 0.04074913683441184, 0.03788413704173643, 0.034654292299772904, 0.03109070777899947, 0.027227702746404514, 0.023102480052185403, 0.018754767845963416, 0.014226436972985868, 0.009561097734997026, 0.004803679899192392, 0.0012038183319508233], "primal_widths": [0.0024076366639015356, 0.007199723134483249, 0.011922472335510803, 0.016530401610461043, 0.020979134081465844, 0.025225826022904907, 0.02922957946990412, 0.03295183608809471, 0.03635674851145104, 0.0394115255720216, 0.04208674809680224, 0.044356652230453986, 0.04619937755531378, 0.047597177619166986, 0.04853659084328377, 0.04900857016478033, 0.049008570164780385, 0.04853659084328377, 0.04759717761916693, 0.04619937755531378, 0.04435665223045404, 0.04208674809680213, 0.039411525572021655, 0.0363567485114511, 0.03295183608809471, 0.029229579469904232, 0.025225826022904796, 0.0209791340814659, 0.016530401610461043, 0.011922472335510803, 0.007199723134483138, 0.0024076366639016467], "h_min": 0.0012038183319507678, "th_min": 0.0024076366639015356}