{"dt": 0.0003985241084937005, "steps": 16001, "Re": 100.0, "N": 32, "tol": 1e-07, "bcs": {"U_wall_top": -1, "U_wall_bot": 0, "U_wall_left": 0, "U_wall_right": 0, "V_wall_top": 0, "V_wall_bot": 0, "V_wall_left": 0, "V_wall_right": 0}, "residual_steps": [1, 1000, 2000, 3000, 4000, 5000, 6000, 7000, 8000, 9000, 10000, 11000, 12000, 13000, 14000, 15000, 16000], "diff_list": [1, 3.874983952809052e-06, 2.4632538675826293e-06, 1.7403179808925598e-06, 1.2669185680755368e-06, 9.610387522330371e-07, 7.499017847540507e-07, 5.797807526401744e-07, 4.664194328523469e-07, 3.6947503446148333e-07, 2.978340662837184e-07, 2.42066672777666e-07, 2.020440621492564e-07, 1.6742554920928798e-07, 1.3779369145011655e-07, 1.128261098940625e-07, 9.202794441949547e-08], "maxdiv_list": [1, 3.4971605482415054e-18, 4.336808689942018e-18, 4.4994390158148434e-18, 4.7704895589362195e-18, 6.938893903907228e-18, 6.5052130349130266e-18, 3.537209587733958e-18, 5.359177457277958e-18, 5.204170427930421e-18, 6.196893042112461e-18, 5.204170427930421e-18, 4.4994390158148434e-18, 5.312590645178972e-18, 5.204170427930421e-18, 4.336808689942018e-18, 5.204170427930421e-18], "dual_widths": [0.0012038183319507678, 0.004803679899192392, 0.009561097734997026, 0.014226436972985923, 0.018754767845963444, 0.023102480052185376, 0.027227702746404514, 0.031090707778999416, 0.034654292299772876, 0.03788413704173632, 0.04074913683441192, 0.04322170016362814, 0.045278014892883856, 0.04689827758724041, 0.04806688423122535, 0.04877258050403205, 0.04900857016478033, 0.048772580504032104, 0.04806688423122529, 0.04689827758724041, 0.045278014892883967, 0.04322170016362803, 0.04074913683441184, 0.03788413704173643, 0.034654292299772904, 0.03109070777899947, 0.027227702746404514, 0.023102480052185403, 0.018754767845963416, 0.014226436972985868, 0.009561097734997026, 0.004803679899192392, 0.0012038183319508233], "primal_widths": [0.0024076366639015356, 0.007199723134483249, 0.011922472335510803, 0.016530401610461043, 0.020979134081465844, 0.025225826022904907, 0.02922957946990412, 0.03295183608809471, 0.03635674851145104, 0.0394115255720216, 0.04208674809680224, 0.044356652230453986, 0.04619937755531378, 0.047597177619166986, 0.04853659084328377, 0.04900857016478033, 0.049008570164780385, 0.04853659084328377, 0.04759717761916693, 0.04619937755531378, 0.04435665223045404, 0.04208674809680213, 0.039411525572021655, 0.0363567485114511, 0.03295183608809471, 0.029229579469904232, 0.025225826022904796, 0.0209791340814659, 0.016530401610461043, 0.011922472335510803, 0.007199723134483138, 0.0024076366639016467], "h_min": 0.0012038183319507678, "th_min": 0.0024076366639015356}