{"dt": 0.006345718657823884, "steps": 46001, "Re": 100.0, "N": 16, "tol": 1e-07, "bcs": {"U_wall_top": -1, "U_wall_bot": 0, "U_wall_left": 0, "U_wall_right": 0, "V_wall_top": 0, "V_wall_bot": 0, "V_wall_left": 0, "V_wall_right": 0}, "residual_steps": [1, 1000, 2000, 3000, 4000, 5000, 6000, 7000, 8000, 9000, 10000, 11000, 12000, 13000, 14000, 15000, 16000, 17000, 18000, 19000, 20000, 21000, 22000, 23000, 24000, 25000, 26000, 27000, 28000, 29000, 30000, 31000, 32000, 33000, 34000, 35000, 36000, 37000, 38000, 39000, 40000, 41000, 42000, 43000, 44000, 45000, 46000], "diff_list": [1, 0.018536248174328716, 0.016309975420838837, 0.01379296686473696, 0.01125154715924631, 0.008921497628199848, 0.006934055950189781, 0.005319963046997059, 0.004049209293828711, 0.0030674363867416654, 0.002317304962914127, 0.0017478388958091949, 0.0013171203976737565, 0.000992030699962997, 0.0007469597962850346, 0.0005623374137485732, 0.0004233072410610031, 0.00031863329703630833, 0.00023983548346680553, 0.0001805212152893509, 0.00013587477218544516, 0.00010226970709954156, 7.697573372699752e-05, 5.793751887899108e-05, 4.3607934116013033e-05, 3.2822441717219285e-05, 2.4704502863936648e-05, 1.8594361614878048e-05, 1.3995434355616732e-05, 1.053395515216056e-05, 7.928600473911841e-06, 5.967625966270089e-06, 4.491657690623881e-06, 3.3807394770289656e-06, 2.5445837947557504e-06, 1.9152338475436625e-06, 1.4415405356696387e-06, 1.0850054250229058e-06, 8.166518686656549e-07, 6.14669990391635e-07, 4.626441346706339e-07, 3.4821871665400433e-07, 2.6209404968124267e-07, 1.9727053011606155e-07, 1.4847976189356904e-07, 1.1175637671528849e-07, 8.411575811145128e-08], "maxdiv_list": [1, 3.3816943386180687e-17, 4.250133309176289e-17, 4.5644911461639737e-17, 3.699129814286897e-17, 5.596177275919711e-17, 6.345462621060866e-17, 4.5550043771547255e-17, 5.845204962412476e-17, 6.372449413917997e-17, 5.75681707436649e-17, 6.921464245310006e-17, 4.876199270753556e-17, 5.1451794059837447e-17, 6.184526361082548e-17, 3.1466588640295654e-17, 4.946672411965114e-17, 6.140777109356864e-17, 3.873058151320288e-17, 6.549428154759701e-17, 4.3296724373614e-17, 5.620233011621734e-17, 4.674457198541263e-17, 4.462677785904007e-17, 5.461946700513827e-17, 5.4138602866888584e-17, 3.163159838226459e-17, 6.244401333053048e-17, 4.6702008579813103e-17, 4.054577311916885e-17, 3.6383678428462836e-17, 4.9398961483870796e-17, 7.51623156075576e-17, 4.575333167888829e-17, 6.396060068768285e-17, 5.532310991696737e-17, 7.352245982167327e-17, 5.1826169117909666e-17, 3.940530788453613e-17, 5.2488937675454483e-17, 5.787139855417916e-17, 4.2243227145466467e-17, 5.698837669126933e-17, 4.357137480676121e-17, 5.034763838479561e-17, 3.3169178547003093e-17, 5.0216126810329873e-17], "dual_widths": [0.004803679899192392, 0.019030116872178315, 0.0373289170251713, 0.05419318783118479, 0.06897484482073574, 0.0811058372053644, 0.09011997775086855, 0.0956708580912724, 0.0975451610080641, 0.0956708580912724, 0.09011997775086855, 0.08110583720536435, 0.0689748448207359, 0.054193187831184764, 0.03732891702517138, 0.01903011687217826, 0.004803679899192392], "primal_widths": [0.009607359798384785, 0.028452873945971846, 0.04620496010437075, 0.06218141555799883, 0.07576827408347264, 0.08644340032725623, 0.09379655517448077, 0.0975451610080641, 0.09754516100806415, 0.09379655517448071, 0.08644340032725617, 0.07576827408347275, 0.06218141555799894, 0.046204960104370696, 0.028452873945971846, 0.009607359798384785], "h_min": 0.004803679899192392, "th_min": 0.009607359798384785}