{"dt": 0.009607359798384785, "steps": 37001, "Re": 10000.0, "N": 16, "tol": 1e-07, "bcs": {"U_wall_top": -1, "U_wall_bot": 0, "U_wall_left": 0, "U_wall_right": 0, "V_wall_top": 0, "V_wall_bot": 0, "V_wall_left": 0, "V_wall_right": 0}, "residual_steps": [1, 1000, 2000, 3000, 4000, 5000, 6000, 7000, 8000, 9000, 10000, 11000, 12000, 13000, 14000, 15000, 16000, 17000, 18000, 19000, 20000, 21000, 22000, 23000, 24000, 25000, 26000, 27000, 28000, 29000, 30000, 31000, 32000, 33000, 34000, 35000, 36000, 37000], "diff_list": [1, 5.744142108091328e-05, 4.808787966686153e-05, 3.727833088966112e-05, 2.5686227075376322e-05, 2.5699188308222e-05, 2.1417835852669334e-05, 1.841752474046371e-05, 1.0378841330287679e-05, 9.069186619650726e-06, 7.739395411977129e-06, 6.753315280854126e-06, 6.600332779416055e-06, 4.170390048480882e-06, 3.0963202795920852e-06, 3.2775788186096763e-06, 2.3208989895460996e-06, 2.7890438608468154e-06, 1.648740484366893e-06, 1.915336824687402e-06, 1.4262799814894998e-06, 9.282528031437365e-07, 9.693190562865689e-07, 7.0714792342998e-07, 6.41636597455749e-07, 5.017166095893505e-07, 4.652254160207592e-07, 2.535114161719698e-07, 3.3274511252248673e-07, 3.033440999257453e-07, 1.7459806511167797e-07, 2.0470317606442745e-07, 2.3262451156677577e-07, 1.3228961231494252e-07, 1.0963502420323346e-07, 1.2786298925204775e-07, 1.0975009282626624e-07, 6.886862380199588e-08], "maxdiv_list": [1, 6.053119993789371e-17, 6.746448018291051e-17, 5.757113535898029e-17, 5.984795992119984e-17, 2.4971707680230474e-17, 5.723084761519268e-17, 6.722053469410127e-17, 8.164042358815848e-17, 5.814034149953518e-17, 3.860882512178388e-17, 5.724587470723463e-17, 2.461138931542095e-17, 4.2416931696582046e-17, 2.981555974335137e-17, 2.710070131298188e-17, 6.623986974474779e-17, 3.6700243538634325e-17, 7.581330788881919e-17, 2.5587171270657905e-17, 3.5113403613634086e-17, 4.4072818311535755e-17, 3.1929753979698106e-17, 6.179952383167375e-17, 3.496552006265752e-17, 5.799693702070404e-17, 3.848917712323541e-17, 6.055269133331542e-17, 2.47198095326695e-17, 4.298861613905025e-17, 5.453536927602087e-17, 3.532650501161067e-17, 1.89205215068874e-17, 4.705437428587089e-17, 5.919743861770854e-17, 3.123531924851095e-17, 5.0471652769030524e-17, 5.746271514173174e-17], "dual_widths": [0.004803679899192392, 0.019030116872178315, 0.0373289170251713, 0.05419318783118479, 0.06897484482073574, 0.0811058372053644, 0.09011997775086855, 0.0956708580912724, 0.0975451610080641, 0.0956708580912724, 0.09011997775086855, 0.08110583720536435, 0.0689748448207359, 0.054193187831184764, 0.03732891702517138, 0.01903011687217826, 0.004803679899192392], "primal_widths": [0.009607359798384785, 0.028452873945971846, 0.04620496010437075, 0.06218141555799883, 0.07576827408347264, 0.08644340032725623, 0.09379655517448077, 0.0975451610080641, 0.09754516100806415, 0.09379655517448071, 0.08644340032725617, 0.07576827408347275, 0.06218141555799894, 0.046204960104370696, 0.028452873945971846, 0.009607359798384785], "h_min": 0.004803679899192392, "th_min": 0.009607359798384785}