{"dt": 0.0011537670286952517, "steps": 9001, "Re": 100.0, "N": 16, "tol": 1e-07, "bcs": {"U_wall_top": -1, "U_wall_bot": 0, "U_wall_left": 0, "U_wall_right": 0, "V_wall_top": 0, "V_wall_bot": 0, "V_wall_left": 0, "V_wall_right": 0}, "residual_steps": [1, 1000, 2000, 3000, 4000, 5000, 6000, 7000, 8000, 9000], "diff_list": [1, 9.07260753209467e-06, 4.071438820231477e-06, 2.1142065530620896e-06, 1.1662905897141113e-06, 6.988898911576558e-07, 3.9642695132645345e-07, 2.1809498975886021e-07, 1.1836679801591199e-07, 6.391160856447642e-08], "maxdiv_list": [1, 6.938893903907228e-18, 1.4925567563568026e-17, 1.0462550964485118e-17, 1.620882247865829e-17, 1.0086780354608205e-17, 1.8189185509338845e-17, 1.3810025172034113e-17, 8.673617379884035e-18, 1.471380932675445e-17], "dual_widths": [0.004803679899192392, 0.019030116872178315, 0.0373289170251713, 0.05419318783118479, 0.06897484482073574, 0.0811058372053644, 0.09011997775086855, 0.0956708580912724, 0.0975451610080641, 0.0956708580912724, 0.09011997775086855, 0.08110583720536435, 0.0689748448207359, 0.054193187831184764, 0.03732891702517138, 0.01903011687217826, 0.004803679899192392], "primal_widths": [0.009607359798384785, 0.028452873945971846, 0.04620496010437075, 0.06218141555799883, 0.07576827408347264, 0.08644340032725623, 0.09379655517448077, 0.0975451610080641, 0.09754516100806415, 0.09379655517448071, 0.08644340032725617, 0.07576827408347275, 0.06218141555799894, 0.046204960104370696, 0.028452873945971846, 0.009607359798384785], "h_min": 0.004803679899192392, "th_min": 0.009607359798384785}