{"dt": 7.245892881703645e-06, "steps": 17001, "Re": 1000.0, "N": 32, "tol": 1e-07, "bcs": {"U_wall_top": -1, "U_wall_bot": 0, "U_wall_left": 0, "U_wall_right": 0, "V_wall_top": 0, "V_wall_bot": 0, "V_wall_left": 0, "V_wall_right": 0}, "residual_steps": [1, 1000, 2000, 3000, 4000, 5000, 6000, 7000, 8000, 9000, 10000, 11000, 12000, 13000, 14000, 15000, 16000, 17000], "diff_list": [1, 6.618169814405061e-07, 3.41964540916161e-07, 2.859170183100706e-07, 2.3747526155465729e-07, 1.9500379256796527e-07, 1.5874545495004125e-07, 1.3560711492263677e-07, 1.2213384269427544e-07, 1.1990535309265582e-07, 1.1799760855153892e-07, 1.1591855207356352e-07, 1.1360113102943867e-07, 1.1099375756798598e-07, 1.0805680754387773e-07, 1.0476102972395082e-07, 1.0108687055129795e-07, 9.702412704249569e-08], "maxdiv_list": [1, 4.595721722063864e-19, 6.505213034913027e-19, 8.675999660048188e-19, 8.673617379884035e-19, 8.458887928402421e-19, 8.817612980917267e-19, 6.196805661979419e-19, 1.2265037076242269e-18, 9.33430307874239e-19, 1.6576434777766658e-18, 1.0396965468077013e-18, 1.0842021724855044e-18, 2.3453812913879542e-18, 1.1554323493936708e-18, 1.392945681759697e-18, 2.259036870327219e-18, 2.199321047545791e-18], "dual_widths": [0.0012038183319507678, 0.004803679899192392, 0.009561097734997026, 0.014226436972985923, 0.018754767845963444, 0.023102480052185376, 0.027227702746404514, 0.031090707778999416, 0.034654292299772876, 0.03788413704173632, 0.04074913683441192, 0.04322170016362814, 0.045278014892883856, 0.04689827758724041, 0.04806688423122535, 0.04877258050403205, 0.04900857016478033, 0.048772580504032104, 0.04806688423122529, 0.04689827758724041, 0.045278014892883967, 0.04322170016362803, 0.04074913683441184, 0.03788413704173643, 0.034654292299772904, 0.03109070777899947, 0.027227702746404514, 0.023102480052185403, 0.018754767845963416, 0.014226436972985868, 0.009561097734997026, 0.004803679899192392, 0.0012038183319508233], "primal_widths": [0.0024076366639015356, 0.007199723134483249, 0.011922472335510803, 0.016530401610461043, 0.020979134081465844, 0.025225826022904907, 0.02922957946990412, 0.03295183608809471, 0.03635674851145104, 0.0394115255720216, 0.04208674809680224, 0.044356652230453986, 0.04619937755531378, 0.047597177619166986, 0.04853659084328377, 0.04900857016478033, 0.049008570164780385, 0.04853659084328377, 0.04759717761916693, 0.04619937755531378, 0.04435665223045404, 0.04208674809680213, 0.039411525572021655, 0.0363567485114511, 0.03295183608809471, 0.029229579469904232, 0.025225826022904796, 0.0209791340814659, 0.016530401610461043, 0.011922472335510803, 0.007199723134483138, 0.0024076366639016467], "h_min": 0.0012038183319507678, "th_min": 0.0024076366639015356}