{"dt": 0.005284047889111632, "steps": 53001, "Re": 10000.0, "N": 16, "tol": 1e-07, "bcs": {"U_wall_top": -1, "U_wall_bot": 0, "U_wall_left": 0, "U_wall_right": 0, "V_wall_top": 0, "V_wall_bot": 0, "V_wall_left": 0, "V_wall_right": 0}, "residual_steps": [1, 1000, 2000, 3000, 4000, 5000, 6000, 7000, 8000, 9000, 10000, 11000, 12000, 13000, 14000, 15000, 16000, 17000, 18000, 19000, 20000, 21000, 22000, 23000, 24000, 25000, 26000, 27000, 28000, 29000, 30000, 31000, 32000, 33000, 34000, 35000, 36000, 37000, 38000, 39000, 40000, 41000, 42000, 43000, 44000, 45000, 46000, 47000, 48000, 49000, 50000, 51000, 52000, 53000], "diff_list": [1, 5.0151870273212884e-05, 3.643929345665056e-05, 2.2364798848293482e-05, 2.3721070208246754e-05, 2.0763425483566814e-05, 1.4764378379434132e-05, 1.1692837012997753e-05, 1.0226390921165562e-05, 1.2534991266919919e-05, 8.919203568691011e-06, 1.1105458001767557e-05, 1.3690293760279786e-05, 1.1219846974813014e-05, 6.332412489862965e-06, 6.188269243600033e-06, 5.115845013291959e-06, 4.335664528709246e-06, 4.203975312716806e-06, 3.510715383533633e-06, 3.623711105460773e-06, 3.6942479534965433e-06, 2.5340429174125706e-06, 2.373750734007904e-06, 2.4205497436865207e-06, 2.017939681322762e-06, 1.5723677143288529e-06, 1.6819218441729497e-06, 1.5173512426273558e-06, 1.1661969839329989e-06, 1.3038495333683188e-06, 1.0900892933943251e-06, 9.897458392305047e-07, 1.0440374838948524e-06, 8.986716426408539e-07, 5.778729765537616e-07, 6.152560851485633e-07, 6.129423425799314e-07, 3.8386807963558534e-07, 5.101706040061896e-07, 4.318232831573149e-07, 2.975589861774555e-07, 3.933477236931632e-07, 2.9465442749057255e-07, 2.492421052992591e-07, 2.843027285676092e-07, 2.1338935632039813e-07, 2.260008405106928e-07, 1.9043485365282525e-07, 1.127943812344323e-07, 1.30078357423076e-07, 1.547301237830867e-07, 1.0360940766104831e-07, 9.83679737205298e-08], "maxdiv_list": [1, 3.104633380629774e-17, 2.2109975946094884e-17, 2.257851024201063e-17, 3.0357660829594124e-17, 1.8973538018496328e-17, 3.959089041519617e-17, 3.7133924407628527e-17, 2.3790862223085786e-17, 1.397753163510234e-17, 3.144186300207963e-17, 2.928701118426469e-17, 2.5587171270657905e-17, 1.0842021724855044e-17, 3.6835768810195013e-17, 2.0915728677794743e-17, 4.0657581468206416e-17, 3.350184712980209e-17, 2.4502050155779794e-17, 3.0032315367567385e-17, 1.973247953923618e-17, 2.0875436678218328e-17, 2.965830065614023e-17, 7.275205777005606e-18, 1.4135273616231005e-17, 2.314771638256552e-17, 3.244891311894912e-17, 2.5370330836160804e-17, 2.313173437089165e-17, 2.0041415777438802e-17, 1.745565497701662e-17, 2.938187887435717e-17, 2.5234805564600116e-17, 2.689647637083356e-17, 2.7388322885298035e-17, 3.0113715340784886e-17, 3.2987160329207384e-17, 3.16974098979936e-17, 4.098526897702591e-17, 2.233456475320139e-17, 2.6701221990536294e-17, 2.6237692574149207e-17, 3.3655114722007e-17, 3.198396408832238e-17, 2.7538735181131813e-17, 1.4316482598706322e-17, 4.90059381963448e-17, 4.098284211995207e-17, 5.114723748700367e-17, 3.334091110536164e-17, 2.608499528776579e-17, 1.9081958235744878e-17, 3.436920886779049e-17, 3.946495907847236e-17], "dual_widths": [0.004803679899192392, 0.019030116872178315, 0.0373289170251713, 0.05419318783118479, 0.06897484482073574, 0.0811058372053644, 0.09011997775086855, 0.0956708580912724, 0.0975451610080641, 0.0956708580912724, 0.09011997775086855, 0.08110583720536435, 0.0689748448207359, 0.054193187831184764, 0.03732891702517138, 0.01903011687217826, 0.004803679899192392], "primal_widths": [0.009607359798384785, 0.028452873945971846, 0.04620496010437075, 0.06218141555799883, 0.07576827408347264, 0.08644340032725623, 0.09379655517448077, 0.0975451610080641, 0.09754516100806415, 0.09379655517448071, 0.08644340032725617, 0.07576827408347275, 0.06218141555799894, 0.046204960104370696, 0.028452873945971846, 0.009607359798384785], "h_min": 0.004803679899192392, "th_min": 0.009607359798384785}