{"dt": 0.004803679899192392, "steps": 12001, "Re": 1000.0, "N": 16, "tol": 1e-07, "bcs": {"U_wall_top": -1, "U_wall_bot": 0, "U_wall_left": 0, "U_wall_right": 0, "V_wall_top": 0, "V_wall_bot": 0, "V_wall_left": 0, "V_wall_right": 0}, "residual_steps": [1, 1000, 2000, 3000, 4000, 5000, 6000, 7000, 8000, 9000, 10000, 11000, 12000], "diff_list": [1, 2.1798395296359838e-05, 1.6379405575042694e-05, 9.371937030723185e-06, 3.4375945721434875e-06, 2.9925592107333306e-06, 1.1804678679318281e-06, 8.511858977650185e-07, 4.831971338256635e-07, 2.3462918600364313e-07, 1.934902026518026e-07, 1.1681418645749508e-07, 8.155071304707939e-08], "maxdiv_list": [1, 3.728863145773885e-17, 2.9761349634727097e-17, 2.7958863522969946e-17, 3.4098158324669114e-17, 2.3916822298672424e-17, 4.8138576458356397e-17, 3.5019730171281793e-17, 1.6059744679941534e-17, 2.5804011705155006e-17, 2.8419649446276285e-17, 3.3176586478056436e-17, 1.5937771935536915e-17], "dual_widths": [0.004803679899192392, 0.019030116872178315, 0.0373289170251713, 0.05419318783118479, 0.06897484482073574, 0.0811058372053644, 0.09011997775086855, 0.0956708580912724, 0.0975451610080641, 0.0956708580912724, 0.09011997775086855, 0.08110583720536435, 0.0689748448207359, 0.054193187831184764, 0.03732891702517138, 0.01903011687217826, 0.004803679899192392], "primal_widths": [0.009607359798384785, 0.028452873945971846, 0.04620496010437075, 0.06218141555799883, 0.07576827408347264, 0.08644340032725623, 0.09379655517448077, 0.0975451610080641, 0.09754516100806415, 0.09379655517448071, 0.08644340032725617, 0.07576827408347275, 0.06218141555799894, 0.046204960104370696, 0.028452873945971846, 0.009607359798384785], "h_min": 0.004803679899192392, "th_min": 0.009607359798384785}