{"dt": 0.004803679899192392, "steps": 25201, "Re": 1000, "N": 16, "tol": 1e-09, "bcs": {"U_wall_top": -1, "U_wall_bot": 0, "U_wall_left": 0, "U_wall_right": 0, "V_wall_top": 0, "V_wall_bot": 0, "V_wall_left": 0, "V_wall_right": 0}, "residual_steps": [1, 100, 200, 300, 400, 500, 600, 700, 800, 900, 1000, 1100, 1200, 1300, 1400, 1500, 1600, 1700, 1800, 1900, 2000, 2100, 2200, 2300, 2400, 2500, 2600, 2700, 2800, 2900, 3000, 3100, 3200, 3300, 3400, 3500, 3600, 3700, 3800, 3900, 4000, 4100, 4200, 4300, 4400, 4500, 4600, 4700, 4800, 4900, 5000, 5100, 5200, 5300, 5400, 5500, 5600, 5700, 5800, 5900, 6000, 6100, 6200, 6300, 6400, 6500, 6600, 6700, 6800, 6900, 7000, 7100, 7200, 7300, 7400, 7500, 7600, 7700, 7800, 7900, 8000, 8100, 8200, 8300, 8400, 8500, 8600, 8700, 8800, 8900, 9000, 9100, 9200, 9300, 9400, 9500, 9600, 9700, 9800, 9900, 10000, 10100, 10200, 10300, 10400, 10500, 10600, 10700, 10800, 10900, 11000, 11100, 11200, 11300, 11400, 11500, 11600, 11700, 11800, 11900, 12000, 12100, 12200, 12300, 12400, 12500, 12600, 12700, 12800, 12900, 13000, 13100, 13200, 13300, 13400, 13500, 13600, 13700, 13800, 13900, 14000, 14100, 14200, 14300, 14400, 14500, 14600, 14700, 14800, 14900, 15000, 15100, 15200, 15300, 15400, 15500, 15600, 15700, 15800, 15900, 16000, 16100, 16200, 16300, 16400, 16500, 16600, 16700, 16800, 16900, 17000, 17100, 17200, 17300, 17400, 17500, 17600, 17700, 17800, 17900, 18000, 18100, 18200, 18300, 18400, 18500, 18600, 18700, 18800, 18900, 19000, 19100, 19200, 19300, 19400, 19500, 19600, 19700, 19800, 19900, 20000, 20100, 20200, 20300, 20400, 20500, 20600, 20700, 20800, 20900, 21000, 21100, 21200, 21300, 21400, 21500, 21600, 21700, 21800, 21900, 22000, 22100, 22200, 22300, 22400, 22500, 22600, 22700, 22800, 22900, 23000, 23100, 23200, 23300, 23400, 23500, 23600, 23700, 23800, 23900, 24000, 24100, 24200, 24300, 24400, 24500, 24600, 24700, 24800, 24900, 25000, 25100, 25200], "diff_list": [1, 4.8547916793997836e-05, 4.513433668464073e-05, 4.3779271247344764e-05, 4.0315439344990045e-05, 3.8078802775030895e-05, 2.9702636843301558e-05, 2.7708049927565974e-05, 2.442729247152664e-05, 2.1340478402053983e-05, 2.1798395296365042e-05, 1.9591750386132797e-05, 1.91452742822288e-05, 1.893742162781091e-05, 1.8892299851162517e-05, 1.9186653526070963e-05, 2.000615567340769e-05, 1.915510555943606e-05, 1.9015830181118992e-05, 1.7071301805067496e-05, 1.6379405575042694e-05, 1.4762415203782575e-05, 1.2583041033291387e-05, 1.1576148495971716e-05, 1.1249220303714141e-05, 1.070419707167522e-05, 1.142540823479473e-05, 1.2291753728873363e-05, 1.219964514334506e-05, 1.1169508718284458e-05, 9.371937030726654e-06, 8.994572718323303e-06, 7.80672391150275e-06, 6.299420191043718e-06, 6.724697085382905e-06, 6.472753653924521e-06, 5.592923170736914e-06, 4.938046621849948e-06, 4.137964072095136e-06, 3.2954213363550755e-06, 3.4375945721504264e-06, 3.420713505147832e-06, 3.2361336386212136e-06, 3.057835236571632e-06, 3.1118178947589503e-06, 3.0555648743019193e-06, 2.88179871189842e-06, 2.7523022812746267e-06, 2.568895012427337e-06, 2.9523281927820006e-06, 2.992559210731596e-06, 2.697725944754035e-06, 2.1179538681376274e-06, 1.920200584341978e-06, 2.113801750791745e-06, 2.1244063739341186e-06, 1.892464266324903e-06, 1.4551915058041943e-06, 1.2322116724333698e-06, 1.2104322230054032e-06, 1.1804678679283587e-06, 1.1108319891810214e-06, 1.0785439777498407e-06, 1.0093824397636175e-06, 9.667776442040532e-07, 9.171499993285148e-07, 8.634579081526206e-07, 8.600800996301505e-07, 9.71143091919608e-07, 9.546063918165933e-07, 8.511858977640428e-07, 6.593430243997597e-07, 6.868381134968573e-07, 7.137640429071804e-07, 6.764842851140367e-07, 5.665578893604352e-07, 5.338707372223861e-07, 5.260004366687554e-07, 5.208320006944156e-07, 4.924483991315676e-07, 4.831971338256635e-07, 4.6231323603401764e-07, 4.3176898511035344e-07, 4.0196323463845274e-07, 3.5590793119599784e-07, 3.16073924800514e-07, 3.3143550339203697e-07, 3.4058620776216894e-07, 3.1516338380157757e-07, 2.7893377248580653e-07, 2.3462918600711258e-07, 2.427842785941779e-07, 2.395727653307922e-07, 2.2837692515396968e-07, 2.389507284573933e-07, 2.3780276391452415e-07, 2.34927881079261e-07, 2.2570209759834037e-07, 2.10822532705629e-07, 2.073635163614418e-07, 1.9349020265527206e-07, 1.846237139210838e-07, 1.6847635756975232e-07, 1.4753457918195712e-07, 1.4195412274646546e-07, 1.3647230117513898e-07, 1.329233699984278e-07, 1.2521468967414962e-07, 1.1261479273064201e-07, 1.1591270229760475e-07, 1.1681418645749508e-07, 1.152371033787819e-07, 1.1220799121455793e-07, 1.1165284961173194e-07, 1.1052347912918203e-07, 1.0702900743800314e-07, 1.0030509357827899e-07, 9.601094427824641e-08, 9.130446703559114e-08, 8.727810065292663e-08, 8.155071304360995e-08, 7.392294712818548e-08, 6.800877447137033e-08, 6.507691312392094e-08, 6.241097514486649e-08, 6.08079718453225e-08, 6.174463722773138e-08, 6.217959025792141e-08, 6.187692008254031e-08, 6.073863369725208e-08, 5.879974526723508e-08, 5.620185440820269e-08, 5.466144256324745e-08, 5.298313349166861e-08, 5.024006094478395e-08, 4.781885244720119e-08, 4.5665551080126265e-08, 4.334308403852738e-08, 4.0977341925901856e-08, 3.8699793317859e-08, 3.662900979403694e-08, 3.485333668895585e-08, 3.434884669750726e-08, 3.4218827049681266e-08, 3.405617561222374e-08, 3.3752970753433975e-08, 3.323241016400802e-08, 3.2456587206047827e-08, 3.142817820399324e-08, 3.018597592545358e-08, 2.8795461542996392e-08, 2.7819731202721742e-08, 2.693203573003733e-08, 2.5941076169100352e-08, 2.4879519684023466e-08, 2.3785956104055428e-08, 2.2700904121764065e-08, 2.1662968741759103e-08, 2.0705128132847417e-08, 1.9851389709141243e-08, 1.9447813193185226e-08, 1.9145696198569206e-08, 1.883590335788332e-08, 1.848526206583989e-08, 1.8070694851948788e-08, 1.7581000532132518e-08, 1.701717535981806e-08, 1.639121694277379e-08, 1.572358744594826e-08, 1.5215643783123012e-08, 1.4723986835329939e-08, 1.4202616537700719e-08, 1.3663977598693533e-08, 1.31223565486005e-08, 1.2592013345219533e-08, 1.2085659986671438e-08, 1.1613325610199121e-08, 1.1181603629117909e-08, 1.091529761021448e-08, 1.0673073314038106e-08, 1.0430959682811158e-08, 1.0178225318124845e-08, 9.907778635714903e-09, 9.616515618537935e-09, 9.305218699739992e-09, 8.978048866847832e-09, 8.641704709461129e-09, 8.367487900479142e-09, 8.096806447532856e-09, 7.819413498644234e-09, 7.53951533843944e-09, 7.262030199406411e-09, 6.991862162158968e-09, 6.733296271238531e-09, 6.489565614054005e-09, 6.264494461366565e-09, 6.098287905903499e-09, 5.938837185914814e-09, 5.781487802392071e-09, 5.622626315926471e-09, 5.4599432718072105e-09, 5.292514832638817e-09, 5.120720847351379e-09, 4.946030033453619e-09, 4.7706905197120175e-09, 4.619504105629613e-09, 4.470137954237785e-09, 4.320491662351822e-09, 4.1719016088959116e-09, 4.025958681014297e-09, 3.884262814168871e-09, 3.748208791953811e-09, 3.618827251750112e-09, 3.4994912662122957e-09, 3.3989081479890437e-09, 3.301915373066233e-09, 3.2069154831670943e-09, 3.1126723420982216e-09, 3.0184008556477515e-09, 2.9237918544589014e-09, 2.828978006713667e-09, 2.7344530910411446e-09, 2.6409601172616703e-09, 2.556884974580509e-09, 2.4742808114874837e-09, 2.3926798077555933e-09, 2.312493335709931e-09, 2.2342142372289153e-09, 2.1583383344458973e-09, 2.0852944163096687e-09, 2.0153908472653193e-09, 1.950611974027572e-09, 1.8919363992120353e-09, 1.8352237299290586e-09, 1.779922615546825e-09, 1.7256048152891612e-09, 1.6719947579235672e-09, 1.6189773827113285e-09, 1.5665859443014796e-09, 1.5149737991881906e-09, 1.4643755548437998e-09, 1.4174954647561133e-09, 1.3717527044820876e-09, 1.3269442315777535e-09, 1.2831907758581451e-09, 1.2406376620477388e-09, 1.1994296771067336e-09, 1.1596887859732785e-09, 1.121497120865067e-09, 1.0858872412367049e-09, 1.0523477783630497e-09, 1.0198958622087417e-09, 9.88336808227519e-10],