{"dt": 7.734096838023032e-06, "steps": 14601, "Re": 100, "N": 56, "tol": 1e-07, "bcs": {"U_wall_top": -1, "U_wall_bot": 0, "U_wall_left": 0, "U_wall_right": 0, "V_wall_top": 0, "V_wall_bot": 0, "V_wall_left": 0, "V_wall_right": 0}, "residual_steps": [1, 100, 200, 300, 400, 500, 600, 700, 800, 900, 1000, 1100, 1200, 1300, 1400, 1500, 1600, 1700, 1800, 1900, 2000, 2100, 2200, 2300, 2400, 2500, 2600, 2700, 2800, 2900, 3000, 3100, 3200, 3300, 3400, 3500, 3600, 3700, 3800, 3900, 4000, 4100, 4200, 4300, 4400, 4500, 4600, 4700, 4800, 4900, 5000, 5100, 5200, 5300, 5400, 5500, 5600, 5700, 5800, 5900, 6000, 6100, 6200, 6300, 6400, 6500, 6600, 6700, 6800, 6900, 7000, 7100, 7200, 7300, 7400, 7500, 7600, 7700, 7800, 7900, 8000, 8100, 8200, 8300, 8400, 8500, 8600, 8700, 8800, 8900, 9000, 9100, 9200, 9300, 9400, 9500, 9600, 9700, 9800, 9900, 10000, 10100, 10200, 10300, 10400, 10500, 10600, 10700, 10800, 10900, 11000, 11100, 11200, 11300, 11400, 11500, 11600, 11700, 11800, 11900, 12000, 12100, 12200, 12300, 12400, 12500, 12600, 12700, 12800, 12900, 13000, 13100, 13200, 13300, 13400, 13500, 13600, 13700, 13800, 13900, 14000, 14100, 14200, 14300, 14400, 14500, 14600], "diff_list": [1, 5.054744157262717e-06, 3.0492677450333697e-06, 2.261134628819524e-06, 1.7919520823267247e-06, 1.5218613921368605e-06, 1.3539463035781938e-06, 1.2114860641245905e-06, 1.0886930529594233e-06, 9.817598684920721e-07, 8.969936210298686e-07, 8.445832806599444e-07, 7.9621037951845e-07, 7.513795089503141e-07, 7.097054503374649e-07, 6.708773266084211e-07, 6.346366641023053e-07, 6.007633456587246e-07, 5.690662791459772e-07, 5.461617129495951e-07, 5.278547853331764e-07, 5.102967845860631e-07, 4.934408183807776e-07, 4.772465061701064e-07, 4.616784754210221e-07, 4.4670526410132624e-07, 4.3229851045102977e-07, 4.1843234846461463e-07, 4.0508295243504855e-07, 3.922281907129538e-07, 3.7984736029911953e-07, 3.679209818036565e-07, 3.5926254091664736e-07, 3.517493208306417e-07, 3.4441627487372464e-07, 3.372572000221244e-07, 3.302664671779587e-07, 3.2343892401561283e-07, 3.1676981596985565e-07, 3.102547218125466e-07, 3.0388950103890644e-07, 2.976702508255581e-07, 2.9159327077964495e-07, 2.856550340396384e-07, 2.798521635768471e-07, 2.7418141275306965e-07, 2.686396493693788e-07, 2.632238425958472e-07, 2.5793105225095647e-07, 2.527584200234627e-07, 2.48497756307961e-07, 2.450491962888157e-07, 2.416526997872301e-07, 2.3830722543829314e-07, 2.350117993469951e-07, 2.317655064328246e-07, 2.2856748290020143e-07, 2.2541690971634998e-07, 2.2231300693788605e-07, 2.1925502879547795e-07, 2.1624225942729405e-07, 2.1327400917623557e-07, 2.1034961139327485e-07, 2.0746841965625998e-07, 2.0462980538033318e-07, 2.0183315574927307e-07, 1.9907787193653576e-07, 1.9636336757132555e-07, 1.9368906743321562e-07, 1.9105440632501136e-07, 1.8845882812255563e-07, 1.8590178495984239e-07, 1.8349674251513098e-07, 1.8131344248087725e-07, 1.7916198866933103e-07, 1.7704174515038168e-07, 1.749520969615212e-07, 1.732340948780442e-07, 1.7156095466616325e-07, 1.6990454780206263e-07, 1.6826469071340097e-07, 1.6664120703778137e-07, 1.6503392689113175e-07, 1.634426861998363e-07, 1.6186732610485796e-07, 1.6030769242267318e-07, 1.5876363515694714e-07, 1.5723500806268456e-07, 1.5572166825027906e-07, 1.5422347583336424e-07, 1.527402936100583e-07, 1.5127198677890308e-07, 1.4981842268342593e-07, 1.4837947058749315e-07, 1.4695500146931148e-07, 1.4554488784448635e-07, 1.4414900360555996e-07, 1.427672238780292e-07, 1.4139942490151713e-07, 1.4005580005038015e-07, 1.388572204276753e-07, 1.3767070832773273e-07, 1.3649610448992697e-07, 1.3533325339890045e-07, 1.3418200311933123e-07, 1.3304220514718038e-07, 1.319137142713478e-07, 1.3079638843576172e-07, 1.2969008861361125e-07, 1.2859467869025254e-07, 1.2751002534524755e-07, 1.2643599794741334e-07, 1.254202376503588e-07, 1.245410757525628e-07, 1.2366807115382975e-07, 1.2280118409603233e-07, 1.2194037576993694e-07, 1.2108560823020226e-07, 1.2023684432121984e-07, 1.1939404760338834e-07, 1.1855718228979614e-07, 1.1772621318897544e-07, 1.169011056433196e-07, 1.1608182547964349e-07, 1.1526833896624913e-07, 1.144606127643534e-07, 1.1365861389122517e-07, 1.1286230968115402e-07, 1.1207166775595995e-07, 1.1128665598943155e-07, 1.1050724248347354e-07, 1.0973339553905018e-07, 1.0896508363710325e-07, 1.08202275414266e-07, 1.0744493964594953e-07, 1.0671087742912186e-07, 1.0603556976473277e-07, 1.0536508795707181e-07, 1.0469938946551516e-07, 1.0403843246501246e-07, 1.0338217582396905e-07, 1.0273057907822514e-07, 1.0208360240937173e-07, 1.0144120661829611e-07, 1.0080335310696728e-07, 1.0017000385718552e-07, 9.954112141019947e-08],