{"dt": 0.004803679899192392, "steps": 3001, "Re": 1000, "N": 16, "tol": 1e-05, "bcs": {"U_wall_top": -1, "U_wall_bot": 0, "U_wall_left": 0, "U_wall_right": 0, "V_wall_top": 0, "V_wall_bot": 0, "V_wall_left": 0, "V_wall_right": 0}, "residual_steps": [1, 100, 200, 300, 400, 500, 600, 700, 800, 900, 1000, 1100, 1200, 1300, 1400, 1500, 1600, 1700, 1800, 1900, 2000, 2100, 2200, 2300, 2400, 2500, 2600, 2700, 2800, 2900, 3000], "diff_list": [1, 4.8547916793997836e-05, 4.513433668464073e-05, 4.3779271247344764e-05, 4.0315439344990045e-05, 3.8078802775030895e-05, 2.9702636843301558e-05, 2.7708049927565974e-05, 2.442729247152664e-05, 2.1340478402053983e-05, 2.1798395296365042e-05, 1.9591750386132797e-05, 1.91452742822288e-05, 1.893742162781091e-05, 1.8892299851162517e-05, 1.9186653526070963e-05, 2.000615567340769e-05, 1.915510555943606e-05, 1.9015830181118992e-05, 1.7071301805067496e-05, 1.6379405575042694e-05, 1.4762415203782575e-05, 1.2583041033291387e-05, 1.1576148495971716e-05, 1.1249220303714141e-05, 1.070419707167522e-05, 1.142540823479473e-05, 1.2291753728873363e-05, 1.219964514334506e-05, 1.1169508718284458e-05, 9.371937030726654e-06], "maxdiv_list": [1, 1.1811768570342811e-17, 1.191267137018448e-17, 8.632575986611604e-18, 1.22514845490862e-17, 7.301424005332069e-18, 8.836247705756861e-18, 7.108300493358088e-18, 7.006656539687572e-18, 1.439278383974507e-17, 1.0408340855860843e-17, 1.2075301696057306e-17, 7.589415207398531e-18, 1.3877787807814457e-17, 6.938893903907228e-18, 1.5585406229479126e-17, 8.35017055715182e-18, 1.4474099002681484e-17, 1.100465205072787e-17, 6.938893903907228e-18, 6.288372600415926e-18, 6.938893903907228e-18, 1.2685165418080402e-17, 1.2739375526704677e-17, 1.0408340855860843e-17, 7.37257477290143e-18, 1.0408340855860843e-17, 8.348356728138384e-18, 1.3173056395698879e-17, 1.3986208025063007e-17, 9.459663954936026e-18], "dual_widths": [0.004803679899192392, 0.019030116872178315, 0.0373289170251713, 0.05419318783118479, 0.06897484482073574, 0.0811058372053644, 0.09011997775086855, 0.0956708580912724, 0.0975451610080641, 0.0956708580912724, 0.09011997775086855, 0.08110583720536435, 0.0689748448207359, 0.054193187831184764, 0.03732891702517138, 0.01903011687217826, 0.004803679899192392], "primal_widths": [0.009607359798384785, 0.028452873945971846, 0.04620496010437075, 0.06218141555799883, 0.07576827408347264, 0.08644340032725623, 0.09379655517448077, 0.0975451610080641, 0.09754516100806415, 0.09379655517448071, 0.08644340032725617, 0.07576827408347275, 0.06218141555799894, 0.046204960104370696, 0.028452873945971846, 0.009607359798384785], "h_min": 0.004803679899192392, "th_min": 0.009607359798384785}