{"dt": 7.734096838023032e-05, "steps": 101, "Re": 1000, "N": 56, "tol": 1e-05, "bcs": {"U_wall_top": -1, "U_wall_bot": 0, "U_wall_left": 0, "U_wall_right": 0, "V_wall_top": 0, "V_wall_bot": 0, "V_wall_left": 0, "V_wall_right": 0}, "residual_steps": [1, 100], "diff_list": [1, 4.18015687666726e-06], "maxdiv_list": [1, 1.189137395710686e-18], "dual_widths": [0.00039329624554584885, 0.001571947526689349, 0.0031389491248951795, 0.004696074427854746, 0.0062384241432840715, 0.007761145468364011, 0.009259447358453216, 0.010728615601487107, 0.012164027650633263, 0.013561167168533755, 0.01491563823737338, 0.01622317919006358, 0.017479676019023643, 0.018681175320370558, 0.01982389673279042, 0.020904244831953495, 0.02191882044304952, 0.022864431335849256, 0.02373810226864151, 0.02453708434944457, 0.02525886368503749, 0.02590116929059777, 0.026461980235060134, 0.026939531999713162, 0.027332322030028278, 0.027639114463251624, 0.027858944016886156, 0.02799111902582696, 0.028035223618595895, 0.02799111902582696, 0.027858944016886156, 0.027639114463251624, 0.027332322030028222, 0.026939531999713107, 0.02646198023506008, 0.025901169290597825, 0.02525886368503749, 0.02453708434944457, 0.023738102268641592, 0.022864431335849256, 0.02191882044304949, 0.020904244831953522, 0.01982389673279039, 0.018681175320370613, 0.01747967601902367, 0.016223179190063552, 0.014915638237373408, 0.013561167168533728, 0.012164027650633291, 0.01072861560148708, 0.009259447358453188, 0.007761145468363928, 0.006238424143284127, 0.004696074427854802, 0.0031389491248952073, 0.0015719475266893213, 0.00039329624554584885], "primal_widths": [0.0007865924910916977, 0.0023573025622870003, 0.003920595687503359, 0.005471553168206134, 0.007005295118362009, 0.008516995818366013, 0.010001898898540418, 0.011455332304433796, 0.01287272299683273, 0.01424961134023478, 0.01558166513451198, 0.01686469324561518, 0.018094658792432106, 0.01926769184830901, 0.02038010161727183, 0.02142838804663516, 0.022409252839463878, 0.023319609832234633, 0.024156594705048384, 0.024917573993840814, 0.02560015337623417, 0.026202185204961315, 0.026721775265158898, 0.027157288734267482, 0.027507355325789018, 0.02777087360071423, 0.02794701443305808, 0.02803522361859584, 0.02803522361859606, 0.027947014433057915, 0.027770873600714285, 0.027507355325788962, 0.027157288734267482, 0.02672177526515873, 0.026202185204961426, 0.025600153376234225, 0.02491757399384087, 0.024156594705048273, 0.02331960983223469, 0.022409252839463822, 0.02142838804663527, 0.020380101617271773, 0.01926769184830901, 0.018094658792432217, 0.016864693245615126, 0.01558166513451198, 0.014249611340234836, 0.01287272299683262, 0.011455332304433852, 0.010001898898540418, 0.008516995818365958, 0.007005295118362009, 0.005471553168206134, 0.00392059568750347, 0.002357302562286945, 0.0007865924910916977], "h_min": 0.00039329624554584885, "th_min": 0.0007865924910916977}