{"dt": 4.534142980178526e-06, "steps": 101, "Re": 100, "N": 64, "tol": 1e-05, "bcs": {"U_wall_top": -1, "U_wall_bot": 0, "U_wall_left": 0, "U_wall_right": 0, "V_wall_top": 0, "V_wall_bot": 0, "V_wall_left": 0, "V_wall_right": 0}, "residual_steps": [1, 100], "diff_list": [1, 3.892931911307802e-06], "maxdiv_list": [1, 3.8476471629026593e-19], "dual_widths": [0.00030113594870689875, 0.0012038183319507678, 0.0024047365600978476, 0.0035998615672416245, 0.00478631419255926, 0.0059612361677554015, 0.007121797002880792, 0.008265200805230521, 0.009388693014894367, 0.010489567040732922, 0.011565170780792805, 0.012612913011452453, 0.013630269629906794, 0.01461478973495206, 0.015564101531421431, 0.016475918044047355, 0.01734804262698522, 0.01817837425572552, 0.018964912588646216, 0.0197057627860108, 0.02039914007480295, 0.02104337404840112, 0.021636912690734866, 0.022178326115226965, 0.022666310009515578, 0.02309968877765689, 0.02347741837223899, 0.023798588809583465, 0.024062426361975642, 0.024268295421641883, 0.0244157000319859, 0.02450428508239011, 0.02453383716370905, 0.02450428508239022, 0.0244157000319859, 0.024268295421641883, 0.02406242636197553, 0.02379858880958352, 0.023477418372239045, 0.02309968877765689, 0.022666310009515467, 0.022178326115226965, 0.021636912690734866, 0.021043374048401065, 0.020399140074802924, 0.019705762786010883, 0.0189649125886463, 0.01817837425572555, 0.017348042626985083, 0.016475918044047355, 0.015564101531421515, 0.014614789734952116, 0.013630269629906766, 0.012612913011452398, 0.011565170780792888, 0.010489567040732894, 0.009388693014894312, 0.008265200805230632, 0.0071217970028807365, 0.005961236167755457, 0.00478631419255926, 0.003599861567241569, 0.0024047365600977644, 0.0012038183319509344, 0.00030113594870684324], "primal_widths": [0.0006022718974137975, 0.0018053647664877381, 0.003004108353707957, 0.004195614780775292, 0.005377013604343228, 0.006545458731167575, 0.007698135274594009, 0.008832266335867034, 0.0099451196939217, 0.011034014387544144, 0.012096327174041466, 0.013129498848863441, 0.014131040410950146, 0.015098539058953975, 0.016029664003888888, 0.016922172084205822, 0.01777391316976462, 0.01858283534168642, 0.01934698983560601, 0.02006453573641559, 0.020733744413190314, 0.021353003683611926, 0.021920821697857806, 0.02243583053259618, 0.02289678948643492, 0.02330258806887886, 0.02365224867559912, 0.023944928943567867, 0.024179923780383306, 0.02435666706290046, 0.024474733001071336, 0.024533837163708994, 0.024533837163709105, 0.02447473300107128, 0.024356667062900517, 0.02417992378038325, 0.02394492894356781, 0.02365224867559912, 0.02330258806887897, 0.02289678948643481, 0.022435830532596124, 0.021920821697857917, 0.021353003683611926, 0.020733744413190203, 0.020064535736415645, 0.01934698983560601, 0.018582835341686588, 0.01777391316976451, 0.016922172084205656, 0.016029664003889055, 0.015098539058953975, 0.014131040410950257, 0.013129498848863275, 0.012096327174041521, 0.011034014387544255, 0.009945119693921645, 0.008832266335866978, 0.0076981352745940645, 0.0065454587311676304, 0.005377013604343173, 0.0041956147807753474, 0.0030041083537077906, 0.0018053647664878492, 0.0006022718974137975], "h_min": 0.00030113594870684324, "th_min": 0.0006022718974137975}