{"dt": 0.0011537670286952517, "steps": 15801, "Re": 100, "N": 16, "tol": 1e-09, "bcs": {"U_wall_top": -1, "U_wall_bot": 0, "U_wall_left": 0, "U_wall_right": 0, "V_wall_top": 0, "V_wall_bot": 0, "V_wall_left": 0, "V_wall_right": 0}, "residual_steps": [1, 100, 200, 300, 400, 500, 600, 700, 800, 900, 1000, 1100, 1200, 1300, 1400, 1500, 1600, 1700, 1800, 1900, 2000, 2100, 2200, 2300, 2400, 2500, 2600, 2700, 2800, 2900, 3000, 3100, 3200, 3300, 3400, 3500, 3600, 3700, 3800, 3900, 4000, 4100, 4200, 4300, 4400, 4500, 4600, 4700, 4800, 4900, 5000, 5100, 5200, 5300, 5400, 5500, 5600, 5700, 5800, 5900, 6000, 6100, 6200, 6300, 6400, 6500, 6600, 6700, 6800, 6900, 7000, 7100, 7200, 7300, 7400, 7500, 7600, 7700, 7800, 7900, 8000, 8100, 8200, 8300, 8400, 8500, 8600, 8700, 8800, 8900, 9000, 9100, 9200, 9300, 9400, 9500, 9600, 9700, 9800, 9900, 10000, 10100, 10200, 10300, 10400, 10500, 10600, 10700, 10800, 10900, 11000, 11100, 11200, 11300, 11400, 11500, 11600, 11700, 11800, 11900, 12000, 12100, 12200, 12300, 12400, 12500, 12600, 12700, 12800, 12900, 13000, 13100, 13200, 13300, 13400, 13500, 13600, 13700, 13800, 13900, 14000, 14100, 14200, 14300, 14400, 14500, 14600, 14700, 14800, 14900, 15000, 15100, 15200, 15300, 15400, 15500, 15600, 15700, 15800], "diff_list": [1, 4.609012920191516e-05, 2.637892413451942e-05, 2.1191656959636263e-05, 1.7010937614940144e-05, 1.5254440651840673e-05, 1.3802818461734409e-05, 1.216080832005563e-05, 1.0400788672228906e-05, 9.703775543016754e-06, 9.07260753209467e-06, 8.353336616594847e-06, 7.577631948486527e-06, 6.779021513339881e-06, 5.988126297828272e-06, 5.662593742603722e-06, 5.361710208045753e-06, 5.045945009690689e-06, 4.721551582379663e-06, 4.394790759369022e-06, 4.071438820231477e-06, 3.7564664720178553e-06, 3.4538723958157935e-06, 3.209592559956509e-06, 3.0391077208511558e-06, 2.8698667276713663e-06, 2.70370218817019e-06, 2.542107367432128e-06, 2.3862401170374192e-06, 2.2369455735457566e-06, 2.1142065530620896e-06, 1.9971251887847957e-06, 1.884303600549822e-06, 1.776080805050359e-06, 1.6726772714571042e-06, 1.5742115972681991e-06, 1.4807172487290438e-06, 1.392158485472375e-06, 1.3084449148135363e-06, 1.2314002906990001e-06, 1.1662905897141113e-06, 1.105639844957776e-06, 1.0543781416953724e-06, 1.0044860995536004e-06, 9.560530920479926e-07, 9.091493031413572e-07, 8.638273731632895e-07, 8.201240707002289e-07, 7.780619463975541e-07, 7.376509362326533e-07, 6.988898911576558e-07, 6.617680174507423e-07, 6.262662181379108e-07, 5.92358330437151e-07, 5.600122575076527e-07, 5.291909957946817e-07, 4.998535608133348e-07, 4.7195581586063906e-07, 4.454512089434315e-07, 4.202914238148753e-07, 3.9642695132645345e-07, 3.7380758744452736e-07, 3.5238286406197306e-07, 3.32102418881125e-07, 3.129163100561855e-07, 2.947752812537674e-07, 2.7763098226808725e-07, 2.6143615015905564e-07, 2.461447553073204e-07, 2.3171211664674285e-07, 2.1809498975886021e-07, 2.0525163140980296e-07, 1.9314184353247388e-07, 1.8172699958393657e-07, 1.7097005580030133e-07, 1.608355495487379e-07, 1.512895868895081e-07, 1.42299821113967e-07, 1.3383542381978364e-07, 1.2586704994585474e-07, 1.1836679801591199e-07, 1.1130816658655451e-07, 1.046660079058459e-07, 9.84164795249376e-08, 9.25369945704857e-08, 8.700617128154509e-08, 8.180378226196883e-08, 7.691070392709665e-08, 7.230886642228818e-08, 6.798120435677624e-08, 6.391160856447642e-08, 6.008487907563365e-08, 5.648667943808361e-08, 5.31034925095597e-08, 4.992257782512888e-08, 4.6931930529348076e-08, 4.4120241970285745e-08, 4.14768619588779e-08, 3.899176264851589e-08, 3.66555040903771e-08, 3.4459201374292814e-08, 3.239449336903122e-08, 3.045351302383148e-08, 2.8628859127105555e-08, 2.6913569584757768e-08, 2.5301096034241466e-08, 2.3785279846394447e-08, 2.236032942137811e-08, 2.102079869545359e-08, 1.9761566896758787e-08, 1.8577819369675064e-08, 1.7465029485130845e-08, 1.6418941609086524e-08, 1.5435555025117287e-08, 1.4511108793746619e-08, 1.3642067440977623e-08, 1.2825107552350001e-08, 1.2057105088641995e-08, 1.1335123471789554e-08, 1.0656402378572682e-08, 1.0018347151863338e-08, 9.418518926579411e-09, 8.854625224014034e-09, 8.324511212298713e-09, 7.826151421364003e-09, 7.357641992195019e-09, 6.917193338951133e-09, 6.503123328033267e-09, 6.1138507832791955e-09, 5.747889435248066e-09, 5.403842207041265e-09, 5.080395871354115e-09, 4.7763159920222176e-09, 4.490442191695809e-09, 4.221683710947666e-09, 3.969015217181182e-09, 3.73147287027753e-09, 3.508150627634654e-09, 3.2981967851286598e-09, 3.100810691547551e-09, 2.915239709355699e-09, 2.740776296888958e-09, 2.5767553438194035e-09, 2.4225515725395663e-09, 2.2775771997551875e-09, 2.1412796466502293e-09, 2.0131394433409167e-09, 1.8926682443520804e-09, 1.7794069585852501e-09, 1.6729239868396029e-09, 1.5728135842330015e-09, 1.4786943093592075e-09, 1.390207553242373e-09, 1.3070161862527296e-09, 1.2288032709417696e-09, 1.1552708407969181e-09, 1.0861387657323807e-09, 1.0211437008467161e-09, 9.600380455887514e-10],