{"dt": 0.0011537670286952517, "steps": 8301, "Re": 100, "N": 16, "tol": 1e-07, "bcs": {"U_wall_top": -1, "U_wall_bot": 0, "U_wall_left": 0, "U_wall_right": 0, "V_wall_top": 0, "V_wall_bot": 0, "V_wall_left": 0, "V_wall_right": 0}, "residual_steps": [1, 100, 200, 300, 400, 500, 600, 700, 800, 900, 1000, 1100, 1200, 1300, 1400, 1500, 1600, 1700, 1800, 1900, 2000, 2100, 2200, 2300, 2400, 2500, 2600, 2700, 2800, 2900, 3000, 3100, 3200, 3300, 3400, 3500, 3600, 3700, 3800, 3900, 4000, 4100, 4200, 4300, 4400, 4500, 4600, 4700, 4800, 4900, 5000, 5100, 5200, 5300, 5400, 5500, 5600, 5700, 5800, 5900, 6000, 6100, 6200, 6300, 6400, 6500, 6600, 6700, 6800, 6900, 7000, 7100, 7200, 7300, 7400, 7500, 7600, 7700, 7800, 7900, 8000, 8100, 8200, 8300], "diff_list": [1, 4.609012920191516e-05, 2.637892413451942e-05, 2.1191656959636263e-05, 1.7010937614940144e-05, 1.5254440651840673e-05, 1.3802818461734409e-05, 1.216080832005563e-05, 1.0400788672228906e-05, 9.703775543016754e-06, 9.07260753209467e-06, 8.353336616594847e-06, 7.577631948486527e-06, 6.779021513339881e-06, 5.988126297828272e-06, 5.662593742603722e-06, 5.361710208045753e-06, 5.045945009690689e-06, 4.721551582379663e-06, 4.394790759369022e-06, 4.071438820231477e-06, 3.7564664720178553e-06, 3.4538723958157935e-06, 3.209592559956509e-06, 3.0391077208511558e-06, 2.8698667276713663e-06, 2.70370218817019e-06, 2.542107367432128e-06, 2.3862401170374192e-06, 2.2369455735457566e-06, 2.1142065530620896e-06, 1.9971251887847957e-06, 1.884303600549822e-06, 1.776080805050359e-06, 1.6726772714571042e-06, 1.5742115972681991e-06, 1.4807172487290438e-06, 1.392158485472375e-06, 1.3084449148135363e-06, 1.2314002906990001e-06, 1.1662905897141113e-06, 1.105639844957776e-06, 1.0543781416953724e-06, 1.0044860995536004e-06, 9.560530920479926e-07, 9.091493031413572e-07, 8.638273731632895e-07, 8.201240707002289e-07, 7.780619463975541e-07, 7.376509362326533e-07, 6.988898911576558e-07, 6.617680174507423e-07, 6.262662181379108e-07, 5.92358330437151e-07, 5.600122575076527e-07, 5.291909957946817e-07, 4.998535608133348e-07, 4.7195581586063906e-07, 4.454512089434315e-07, 4.202914238148753e-07, 3.9642695132645345e-07, 3.7380758744452736e-07, 3.5238286406197306e-07, 3.32102418881125e-07, 3.129163100561855e-07, 2.947752812537674e-07, 2.7763098226808725e-07, 2.6143615015905564e-07, 2.461447553073204e-07, 2.3171211664674285e-07, 2.1809498975886021e-07, 2.0525163140980296e-07, 1.9314184353247388e-07, 1.8172699958393657e-07, 1.7097005580030133e-07, 1.608355495487379e-07, 1.512895868895081e-07, 1.42299821113967e-07, 1.3383542381978364e-07, 1.2586704994585474e-07, 1.1836679801591199e-07, 1.1130816658655451e-07, 1.046660079058459e-07, 9.84164795249376e-08], "maxdiv_list": [1, 5.573053276459669e-18, 7.491688781109066e-18, 1.3699910888891054e-17, 7.399679827213568e-18, 1.888544659198188e-17, 8.225854588141731e-18, 1.0137290312739466e-17, 1.1689054672109345e-17, 1.8587290994548367e-17, 6.938893903907228e-18, 8.409383807360226e-18, 1.5062192722652602e-17, 1.1794086757568878e-17, 1.1064276298833148e-17, 1.5753118753035478e-17, 1.0980405732612716e-17, 8.565197162635485e-18, 7.516633553988342e-18, 2.150531949783943e-17, 1.4925567563568026e-17, 9.168284621080547e-18, 1.4952603448666663e-17, 1.0408340855860843e-17, 1.2746998823229966e-17, 6.938893903907228e-18, 6.071532165918825e-18, 1.0408340855860843e-17, 9.86623976961809e-18, 1.0408340855860843e-17, 1.0462550964485118e-17, 1.0408340855860843e-17, 1.3457024191265883e-17, 1.2219201088044199e-17, 1.1492543028346347e-17, 1.3877787807814457e-17, 1.4689245371284076e-17, 9.161508357502512e-18, 1.0408340855860843e-17, 1.2013023861850789e-17, 1.620882247865829e-17, 2.2170240361434057e-17, 6.938893903907228e-18, 1.654763565756001e-17, 1.6168164897190085e-17, 1.2901882111209599e-17, 1.3864235280658388e-17, 2.0722715587958804e-17, 1.8300192167222644e-17, 6.938893903907228e-18, 1.0086780354608205e-17, 1.804434287535836e-17, 1.4291775160784996e-17, 1.375242693162082e-17, 1.7171051906739176e-17, 1.3010426069826053e-17, 1.711853586400941e-17, 7.453889935837843e-18, 1.2234543890141114e-17, 1.0408340855860843e-17, 1.8189185509338845e-17, 7.850301355152856e-18, 6.938893903907228e-18, 1.328147661294743e-17, 1.0408340855860843e-17, 1.0408340855860843e-17, 1.3877787807814457e-17, 1.4231728959803433e-17, 1.4946743387249384e-17, 1.734723475976807e-17, 1.3810025172034113e-17, 1.1262150066693177e-17, 1.5409223376450232e-17, 8.145068820797352e-18, 1.509420567151202e-17, 1.475821636809946e-17, 1.406752318799942e-17, 1.2505225883482828e-17, 1.7035526635178488e-17, 1.5355013267825957e-17, 8.673617379884035e-18, 1.1384122811097797e-17, 1.0408340855860843e-17, 1.7140611500589426e-17], "dual_widths": [0.004803679899192392, 0.019030116872178315, 0.0373289170251713, 0.05419318783118479, 0.06897484482073574, 0.0811058372053644, 0.09011997775086855, 0.0956708580912724, 0.0975451610080641, 0.0956708580912724, 0.09011997775086855, 0.08110583720536435, 0.0689748448207359, 0.054193187831184764, 0.03732891702517138, 0.01903011687217826, 0.004803679899192392], "primal_widths": [0.009607359798384785, 0.028452873945971846, 0.04620496010437075, 0.06218141555799883, 0.07576827408347264, 0.08644340032725623, 0.09379655517448077, 0.0975451610080641, 0.09754516100806415, 0.09379655517448071, 0.08644340032725617, 0.07576827408347275, 0.06218141555799894, 0.046204960104370696, 0.028452873945971846, 0.009607359798384785], "h_min": 0.004803679899192392, "th_min": 0.009607359798384785}