{"dt": 4.534142980178526e-06, "steps": 11601, "Re": 100, "N": 64, "tol": 1e-07, "bcs": {"U_wall_top": -1, "U_wall_bot": 0, "U_wall_left": 0, "U_wall_right": 0, "V_wall_top": 0, "V_wall_bot": 0, "V_wall_left": 0, "V_wall_right": 0}, "residual_steps": [1, 100, 200, 300, 400, 500, 600, 700, 800, 900, 1000, 1100, 1200, 1300, 1400, 1500, 1600, 1700, 1800, 1900, 2000, 2100, 2200, 2300, 2400, 2500, 2600, 2700, 2800, 2900, 3000, 3100, 3200, 3300, 3400, 3500, 3600, 3700, 3800, 3900, 4000, 4100, 4200, 4300, 4400, 4500, 4600, 4700, 4800, 4900, 5000, 5100, 5200, 5300, 5400, 5500, 5600, 5700, 5800, 5900, 6000, 6100, 6200, 6300, 6400, 6500, 6600, 6700, 6800, 6900, 7000, 7100, 7200, 7300, 7400, 7500, 7600, 7700, 7800, 7900, 8000, 8100, 8200, 8300, 8400, 8500, 8600, 8700, 8800, 8900, 9000, 9100, 9200, 9300, 9400, 9500, 9600, 9700, 9800, 9900, 10000, 10100, 10200, 10300, 10400, 10500, 10600, 10700, 10800, 10900, 11000, 11100, 11200, 11300, 11400, 11500, 11600], "diff_list": [1, 3.892931911307802e-06, 2.3478829391448486e-06, 1.7496477842293603e-06, 1.3918212088612214e-06, 1.1779173465368328e-06, 1.0504312298088587e-06, 9.421823302527624e-07, 8.487410076485954e-07, 7.672156634938327e-07, 6.971029602653375e-07, 6.574416326567047e-07, 6.208163429726084e-07, 5.868456701778844e-07, 5.552347395541401e-07, 5.257472135778221e-07, 4.981880248327176e-07, 4.72392231669512e-07, 4.482175601913316e-07, 4.2698014063985955e-07, 4.1316773665887006e-07, 3.999132874347132e-07, 3.871805585287623e-07, 3.749385225693732e-07, 3.6316017353304336e-07, 3.518216553800163e-07, 3.409016136742774e-07, 3.3038070756290575e-07, 3.2024123864673147e-07, 3.1046686613982535e-07, 3.0104238646399065e-07, 2.919535614601815e-07, 2.8318698359723615e-07, 2.769538976904462e-07, 2.7143510766131085e-07, 2.660444171325837e-07, 2.607774709211669e-07, 2.5563030672912275e-07, 2.5059929178246516e-07, 2.456810708096214e-07, 2.408725232215178e-07, 2.3617072778111745e-07, 2.3157293339306183e-07, 2.2707653491208478e-07, 2.226790530857059e-07, 2.1837811789936733e-07, 2.1417145475242233e-07, 2.1005687295952077e-07, 2.0603225620507634e-07, 2.0209555460929188e-07, 1.9824477813599334e-07, 1.9467312884413265e-07, 1.916537776711861e-07, 1.8914222233291748e-07, 1.8666709604539707e-07, 1.842276875726502e-07, 1.818233297059841e-07, 1.794533939255931e-07, 1.7711728573371888e-07, 1.7481444057935135e-07, 1.725443202903361e-07, 1.7030640995455842e-07, 1.6810021519686122e-07, 1.6592525979488432e-07, 1.637810835976132e-07, 1.6166724070695512e-07, 1.595832978952376e-07, 1.5752883322133274e-07, 1.555034348293613e-07, 1.5350669990352173e-07, 1.5153823376039613e-07, 1.4965384199450496e-07, 1.4797425016040144e-07, 1.463185444923465e-07, 1.4468622967995018e-07, 1.4307682797819882e-07, 1.4148987829238832e-07, 1.3992493532073713e-07, 1.3838156875120924e-07, 1.3685936250517478e-07, 1.353579140270407e-07, 1.3387683361594863e-07, 1.3241574379737123e-07, 1.3111200537546316e-07, 1.299288342679339e-07, 1.2875692308785686e-07, 1.275961589246831e-07, 1.2644643245830756e-07, 1.2530763761516017e-07, 1.241796712546546e-07, 1.2306243288859667e-07, 1.219558244214096e-07, 1.2085974992115042e-07, 1.1977411540960853e-07, 1.1869882867061865e-07, 1.1763379908092536e-07, 1.1657893745709372e-07, 1.1558229604186412e-07, 1.1465637041402701e-07, 1.1373949065527841e-07, 1.1283153053109202e-07, 1.1193236713414115e-07, 1.110418807403167e-07, 1.1015995466908193e-07, 1.0928647515423551e-07, 1.0842133122551667e-07, 1.0756441458587354e-07, 1.0671561950651234e-07, 1.0587484272194664e-07, 1.0504198332938336e-07, 1.0421694269461407e-07, 1.033996243648451e-07, 1.0258993398152769e-07, 1.0178777920186177e-07, 1.0099306961943236e-07, 1.0020571669351955e-07, 9.942563367797488e-08], "maxdiv_list": [1, 3.8476471629026593e-19, 4.1758724299637007e-19, 4.739678735479844e-19, 5.481709375776663e-19, 5.04831636563563e-19, 6.129871560160965e-19, 8.418945012891209e-19, 7.619061360552432e-19, 6.262749853761483e-19, 7.846304418432999e-19, 8.779496498290823e-19, 6.640738306473715e-19, 8.698101926015605e-19, 9.622823676400886e-19, 8.88193454534939e-19, 7.163781151403245e-19, 7.877406409464993e-19, 7.578827295557852e-19, 8.673617379884035e-19, 9.31948000216544e-19, 7.597885536871074e-19, 1.1387398446323507e-18, 1.2087160157318866e-18, 8.978549240895584e-19, 9.536453612741161e-19, 1.0791199748019786e-18, 9.376654726105105e-19, 1.3239124965584714e-18, 1.0401564592282808e-18, 1.035074261544755e-18, 8.23832185433413e-19, 1.008088321240825e-18, 8.165397611531455e-19, 1.0842021724855044e-18, 9.776877793682762e-19, 7.369186641112413e-19, 1.2891841457210451e-18, 9.910285482875314e-19, 1.2341270041495156e-18, 9.8398758691348e-19, 1.463672932855431e-18, 1.2586909596198903e-18, 1.2144334881258531e-18, 1.6483261153568685e-18, 1.145188544687814e-18, 1.0587911840678754e-18, 1.1401063470042883e-18, 1.1242244792432701e-18, 1.3552527156068805e-18, 1.211468872810463e-18, 9.903403340178873e-19, 1.086690331768064e-18, 1.260385025514399e-18, 1.0448151404381795e-18, 1.2705494208814505e-18, 1.3138539803098266e-18, 1.3010426069826053e-18, 1.2569968937253817e-18, 9.410536043995277e-19, 8.838788804598624e-19, 1.2193039275725653e-18, 9.469828350303078e-19, 1.4026865606531214e-18, 1.1409533799515426e-18, 1.0842021724855044e-18, 9.520650327138336e-19, 1.277140396002273e-18, 1.2637731573034161e-18, 1.2095630486791409e-18, 1.5043305143236374e-18, 1.1975987082991739e-18, 1.5449880957918438e-18, 2.117582368135751e-18, 1.4793430423796355e-18, 1.3010426069826053e-18, 1.095425359036624e-18, 1.2739375526704677e-18, 1.2891841457210451e-18, 1.204480850995615e-18, 1.3158656835595556e-18, 1.4725667788016011e-18, 9.825582188149884e-19, 1.4501204056993622e-18, 1.1284067044203382e-18, 1.1993986533120893e-18, 1.3010426069826053e-18, 1.8736368793265124e-18, 1.2824078821430107e-18, 1.07742590890747e-18, 1.3120540352969112e-18, 1.3010426069826053e-18, 1.2073131174129966e-18, 1.0842021724855044e-18, 1.4336628202320071e-18, 1.4048041430212571e-18, 1.6703489719854803e-18, 1.5551524911588954e-18, 1.3823577699190182e-18, 1.3010426069826053e-18, 1.3010426069826053e-18, 1.262290849645721e-18, 1.3010426069826053e-18, 1.7313353441877899e-18, 1.2332799712022613e-18, 1.572304908340795e-18, 1.7719929256559963e-18, 1.601209907665848e-18, 1.3349768644319807e-18, 1.5924219408380846e-18, 1.3010426069826053e-18, 1.5471056781599796e-18, 1.1926223897340549e-18, 1.4772254600114998e-18, 1.5924219408380846e-18, 1.4829429324054663e-18, 1.4907779871675686e-18], "dual_widths": [0.00030113594870689875, 0.0012038183319507678, 0.0024047365600978476, 0.0035998615672416245, 0.00478631419255926, 0.0059612361677554015, 0.007121797002880792, 0.008265200805230521, 0.009388693014894367, 0.010489567040732922, 0.011565170780792805, 0.012612913011452453, 0.013630269629906794, 0.01461478973495206, 0.015564101531421431, 0.016475918044047355, 0.01734804262698522, 0.01817837425572552, 0.018964912588646216, 0.0197057627860108, 0.02039914007480295, 0.02104337404840112, 0.021636912690734866, 0.022178326115226965, 0.022666310009515578, 0.02309968877765689, 0.02347741837223899, 0.023798588809583465, 0.024062426361975642, 0.024268295421641883, 0.0244157000319859, 0.02450428508239011, 0.02453383716370905, 0.02450428508239022, 0.0244157000319859, 0.024268295421641883, 0.02406242636197553, 0.02379858880958352, 0.023477418372239045, 0.02309968877765689, 0.022666310009515467, 0.022178326115226965, 0.021636912690734866, 0.021043374048401065, 0.020399140074802924, 0.019705762786010883, 0.0189649125886463, 0.01817837425572555, 0.017348042626985083, 0.016475918044047355, 0.015564101531421515, 0.014614789734952116, 0.013630269629906766, 0.012612913011452398, 0.011565170780792888, 0.010489567040732894, 0.009388693014894312, 0.008265200805230632, 0.0071217970028807365, 0.005961236167755457, 0.00478631419255926, 0.003599861567241569, 0.0024047365600977644, 0.0012038183319509344, 0.00030113594870684324],