{"dt": 0.12499999999999997, "steps": 2001, "Re": 1000.0, "N": 3, "tol": 1e-07, "bcs": {"U_wall_top": -1, "U_wall_bot": 0, "U_wall_left": 0, "U_wall_right": 0, "V_wall_top": 0, "V_wall_bot": 0, "V_wall_left": 0, "V_wall_right": 0}, "residual_steps": [1, 500, 1000, 1500, 2000], "diff_list": [1, 6.777685923112231e-05, 3.2499872843344546e-06, 1.150560162838099e-07, 6.83335142637187e-09], "maxdiv_list": [1, 6.433596399222673e-17, 5.0403966075787955e-17, 7.877946999664486e-17, 3.8315111852574575e-17], "dual_widths": [0.12499999999999997, 0.3749999999999999, 0.3750000000000001, 0.125], "primal_widths": [0.24999999999999994, 0.49999999999999994, 0.2500000000000001], "h_min": 0.12499999999999997, "th_min": 0.24999999999999994}