{"dt": 0.0011537670286952517, "steps": 901, "Re": 100, "N": 16, "tol": 1e-05, "bcs": {"U_wall_top": -1, "U_wall_bot": 0, "U_wall_left": 0, "U_wall_right": 0, "V_wall_top": 0, "V_wall_bot": 0, "V_wall_left": 0, "V_wall_right": 0}, "residual_steps": [1, 100, 200, 300, 400, 500, 600, 700, 800, 900], "diff_list": [1, 4.609012920191516e-05, 2.637892413451942e-05, 2.1191656959636263e-05, 1.7010937614940144e-05, 1.5254440651840673e-05, 1.3802818461734409e-05, 1.216080832005563e-05, 1.0400788672228906e-05, 9.703775543016754e-06], "maxdiv_list": [1, 5.573053276459669e-18, 7.491688781109066e-18, 1.3699910888891054e-17, 7.399679827213568e-18, 1.888544659198188e-17, 8.225854588141731e-18, 1.0137290312739466e-17, 1.1689054672109345e-17, 1.8587290994548367e-17], "dual_widths": [0.004803679899192392, 0.019030116872178315, 0.0373289170251713, 0.05419318783118479, 0.06897484482073574, 0.0811058372053644, 0.09011997775086855, 0.0956708580912724, 0.0975451610080641, 0.0956708580912724, 0.09011997775086855, 0.08110583720536435, 0.0689748448207359, 0.054193187831184764, 0.03732891702517138, 0.01903011687217826, 0.004803679899192392], "primal_widths": [0.009607359798384785, 0.028452873945971846, 0.04620496010437075, 0.06218141555799883, 0.07576827408347264, 0.08644340032725623, 0.09379655517448077, 0.0975451610080641, 0.09754516100806415, 0.09379655517448071, 0.08644340032725617, 0.07576827408347275, 0.06218141555799894, 0.046204960104370696, 0.028452873945971846, 0.009607359798384785], "h_min": 0.004803679899192392, "th_min": 0.009607359798384785}