{"dt": 0.004803679899192392, "steps": 11701, "Re": 1000, "N": 16, "tol": 1e-07, "bcs": {"U_wall_top": -1, "U_wall_bot": 0, "U_wall_left": 0, "U_wall_right": 0, "V_wall_top": 0, "V_wall_bot": 0, "V_wall_left": 0, "V_wall_right": 0}, "residual_steps": [1, 100, 200, 300, 400, 500, 600, 700, 800, 900, 1000, 1100, 1200, 1300, 1400, 1500, 1600, 1700, 1800, 1900, 2000, 2100, 2200, 2300, 2400, 2500, 2600, 2700, 2800, 2900, 3000, 3100, 3200, 3300, 3400, 3500, 3600, 3700, 3800, 3900, 4000, 4100, 4200, 4300, 4400, 4500, 4600, 4700, 4800, 4900, 5000, 5100, 5200, 5300, 5400, 5500, 5600, 5700, 5800, 5900, 6000, 6100, 6200, 6300, 6400, 6500, 6600, 6700, 6800, 6900, 7000, 7100, 7200, 7300, 7400, 7500, 7600, 7700, 7800, 7900, 8000, 8100, 8200, 8300, 8400, 8500, 8600, 8700, 8800, 8900, 9000, 9100, 9200, 9300, 9400, 9500, 9600, 9700, 9800, 9900, 10000, 10100, 10200, 10300, 10400, 10500, 10600, 10700, 10800, 10900, 11000, 11100, 11200, 11300, 11400, 11500, 11600, 11700], "diff_list": [1, 4.8547916793997836e-05, 4.513433668464073e-05, 4.3779271247344764e-05, 4.0315439344990045e-05, 3.8078802775030895e-05, 2.9702636843301558e-05, 2.7708049927565974e-05, 2.442729247152664e-05, 2.1340478402053983e-05, 2.1798395296365042e-05, 1.9591750386132797e-05, 1.91452742822288e-05, 1.893742162781091e-05, 1.8892299851162517e-05, 1.9186653526070963e-05, 2.000615567340769e-05, 1.915510555943606e-05, 1.9015830181118992e-05, 1.7071301805067496e-05, 1.6379405575042694e-05, 1.4762415203782575e-05, 1.2583041033291387e-05, 1.1576148495971716e-05, 1.1249220303714141e-05, 1.070419707167522e-05, 1.142540823479473e-05, 1.2291753728873363e-05, 1.219964514334506e-05, 1.1169508718284458e-05, 9.371937030726654e-06, 8.994572718323303e-06, 7.80672391150275e-06, 6.299420191043718e-06, 6.724697085382905e-06, 6.472753653924521e-06, 5.592923170736914e-06, 4.938046621849948e-06, 4.137964072095136e-06, 3.2954213363550755e-06, 3.4375945721504264e-06, 3.420713505147832e-06, 3.2361336386212136e-06, 3.057835236571632e-06, 3.1118178947589503e-06, 3.0555648743019193e-06, 2.88179871189842e-06, 2.7523022812746267e-06, 2.568895012427337e-06, 2.9523281927820006e-06, 2.992559210731596e-06, 2.697725944754035e-06, 2.1179538681376274e-06, 1.920200584341978e-06, 2.113801750791745e-06, 2.1244063739341186e-06, 1.892464266324903e-06, 1.4551915058041943e-06, 1.2322116724333698e-06, 1.2104322230054032e-06, 1.1804678679283587e-06, 1.1108319891810214e-06, 1.0785439777498407e-06, 1.0093824397636175e-06, 9.667776442040532e-07, 9.171499993285148e-07, 8.634579081526206e-07, 8.600800996301505e-07, 9.71143091919608e-07, 9.546063918165933e-07, 8.511858977640428e-07, 6.593430243997597e-07, 6.868381134968573e-07, 7.137640429071804e-07, 6.764842851140367e-07, 5.665578893604352e-07, 5.338707372223861e-07, 5.260004366687554e-07, 5.208320006944156e-07, 4.924483991315676e-07, 4.831971338256635e-07, 4.6231323603401764e-07, 4.3176898511035344e-07, 4.0196323463845274e-07, 3.5590793119599784e-07, 3.16073924800514e-07, 3.3143550339203697e-07, 3.4058620776216894e-07, 3.1516338380157757e-07, 2.7893377248580653e-07, 2.3462918600711258e-07, 2.427842785941779e-07, 2.395727653307922e-07, 2.2837692515396968e-07, 2.389507284573933e-07, 2.3780276391452415e-07, 2.34927881079261e-07, 2.2570209759834037e-07, 2.10822532705629e-07, 2.073635163614418e-07, 1.9349020265527206e-07, 1.846237139210838e-07, 1.6847635756975232e-07, 1.4753457918195712e-07, 1.4195412274646546e-07, 1.3647230117513898e-07, 1.329233699984278e-07, 1.2521468967414962e-07, 1.1261479273064201e-07, 1.1591270229760475e-07, 1.1681418645749508e-07, 1.152371033787819e-07, 1.1220799121455793e-07, 1.1165284961173194e-07, 1.1052347912918203e-07, 1.0702900743800314e-07, 1.0030509357827899e-07, 9.601094427824641e-08], "maxdiv_list": [1, 1.1811768570342811e-17, 1.191267137018448e-17, 8.632575986611604e-18, 1.22514845490862e-17, 7.301424005332069e-18, 8.836247705756861e-18, 7.108300493358088e-18, 7.006656539687572e-18, 1.439278383974507e-17, 1.0408340855860843e-17, 1.2075301696057306e-17, 7.589415207398531e-18, 1.3877787807814457e-17, 6.938893903907228e-18, 1.5585406229479126e-17, 8.35017055715182e-18, 1.4474099002681484e-17, 1.100465205072787e-17, 6.938893903907228e-18, 6.288372600415926e-18, 6.938893903907228e-18, 1.2685165418080402e-17, 1.2739375526704677e-17, 1.0408340855860843e-17, 7.37257477290143e-18, 1.0408340855860843e-17, 8.348356728138384e-18, 1.3173056395698879e-17, 1.3986208025063007e-17, 9.459663954936026e-18, 8.673617379884035e-18, 1.0408340855860843e-17, 1.2468324983583301e-17, 1.4799359654427136e-17, 8.185726402265558e-18, 1.1655173354219173e-17, 1.235990476633475e-17, 1.0408340855860843e-17, 1.2685165418080402e-17, 8.782037597132586e-18, 6.938893903907228e-18, 1.4365678785432934e-17, 1.1506095555502416e-17, 1.168227840853131e-17, 8.836247705756861e-18, 9.622294280808852e-18, 1.1872013788716274e-17, 7.806255641895632e-18, 9.622294280808852e-18, 7.209944447028604e-18, 1.1275702593849246e-17, 1.1357017756785659e-17, 1.1492543028346347e-17, 8.51098705401121e-18, 1.1709383462843448e-17, 1.2685165418080402e-17, 1.0191500421363742e-17, 1.951563910473908e-17, 1.2576745200831851e-17, 7.806255641895632e-18, 1.3660947373317356e-17, 8.836247705756861e-18, 1.5070410197548512e-17, 1.360673726469308e-17, 1.5287250632045613e-17, 8.524539581167279e-18, 1.1600963245594897e-17, 1.1817803680091998e-17, 1.0462550964485118e-17, 1.0408340855860843e-17, 1.214306433183765e-17, 8.51098705401121e-18, 1.0408340855860843e-17, 1.100465205072787e-17, 1.3877787807814457e-17, 1.2414114874959026e-17, 1.2197274440461925e-17, 1.0625181290357943e-17, 1.0570971181733668e-17, 9.161508357502512e-18, 1.4690939437178585e-17, 1.0245710529988017e-17, 1.2658060363768264e-17, 8.673617379884035e-18, 8.361909255294453e-18, 1.0679391398982219e-17, 1.0842021724855044e-17, 9.120850776034306e-18, 1.1872013788716274e-17, 7.101524229780054e-18, 1.0408340855860843e-17, 1.0570971181733668e-17, 9.540979117872439e-18, 1.2766480581016815e-17, 9.798477133837746e-18, 1.0408340855860843e-17, 6.938893903907228e-18, 1.0408340855860843e-17, 1.0408340855860843e-17, 1.3715157481941631e-17, 1.0787811616230769e-17, 1.3986208025063007e-17, 1.4040418133687282e-17, 6.938893903907228e-18, 1.0570971181733668e-17, 1.3552527156068805e-17, 1.1384122811097797e-17, 6.938893903907228e-18, 1.5395670849294163e-17, 9.107298248878237e-18, 1.4690939437178585e-17, 6.938893903907228e-18, 6.938893903907228e-18, 1.3877787807814457e-17, 1.3877787807814457e-17, 1.2197274440461925e-17, 8.429671891074797e-18], "dual_widths": [0.004803679899192392, 0.019030116872178315, 0.0373289170251713, 0.05419318783118479, 0.06897484482073574, 0.0811058372053644, 0.09011997775086855, 0.0956708580912724, 0.0975451610080641, 0.0956708580912724, 0.09011997775086855, 0.08110583720536435, 0.0689748448207359, 0.054193187831184764, 0.03732891702517138, 0.01903011687217826, 0.004803679899192392], "primal_widths": [0.009607359798384785, 0.028452873945971846, 0.04620496010437075, 0.06218141555799883, 0.07576827408347264, 0.08644340032725623, 0.09379655517448077, 0.0975451610080641, 0.09754516100806415, 0.09379655517448071, 0.08644340032725617, 0.07576827408347275, 0.06218141555799894, 0.046204960104370696, 0.028452873945971846, 0.009607359798384785], "h_min": 0.004803679899192392, "th_min": 0.009607359798384785}
