{"dt": 0.000143256553068477, "steps": 101, "Re": 1000, "N": 48, "tol": 1e-05, "bcs": {"U_wall_top": -1, "U_wall_bot": 0, "U_wall_left": 0, "U_wall_right": 0, "V_wall_top": 0, "V_wall_bot": 0, "V_wall_left": 0, "V_wall_right": 0}, "residual_steps": [1, 100], "diff_list": [1, 5.513693347209358e-06], "maxdiv_list": [1, 2.323040797404122e-18], "dual_widths": [0.0005352691903491302, 0.0021387846565474045, 0.004268410708843262, 0.0063797587711855175, 0.008463787727031186, 0.010511573444445393, 0.012514346990604358, 0.014463532181712008, 0.016350782307535755, 0.018168015873300886, 0.019907451205891963, 0.021561639776171898, 0.023123498094727107, 0.02458633804445673, 0.025943895520116667, 0.027190357252180136, 0.02832038570015022, 0.029329141908727596, 0.030212306228959873, 0.03096609681564233, 0.03158728582175829, 0.03207321322061729, 0.03242179819649632, 0.03263154805501289, 0.03270156461507151, 0.03263154805501289, 0.032421798196496265, 0.03207321322061729, 0.03158728582175829, 0.03096609681564222, 0.030212306228959984, 0.029329141908727485, 0.028320385700150275, 0.02719035725218022, 0.025943895520116778, 0.024586338044456646, 0.023123498094727135, 0.02156163977617187, 0.01990745120589199, 0.01816801587330097, 0.016350782307535727, 0.014463532181711924, 0.012514346990604386, 0.010511573444445421, 0.008463787727031158, 0.006379758771185573, 0.004268410708843207, 0.0021387846565474877, 0.0005352691903490747], "primal_widths": [0.0010705383806982605, 0.0032070309323965485, 0.005329790485289976, 0.007429727057081059, 0.009497848396981312, 0.011525298491909475, 0.013503395489299241, 0.015423668874124774, 0.017277895740946736, 0.019058136005655035, 0.02075676640612889, 0.022366513146214906, 0.02388048304323931, 0.02529219304567415, 0.026595597994559184, 0.02778511650980109, 0.028855654890499405, 0.029802628926955732, 0.03062198353096407, 0.03131021010032048, 0.03186436154319622, 0.03228206489803831, 0.03256153149495433, 0.032701564615071455, 0.03270156461507162, 0.03256153149495411, 0.03228206489803842, 0.03186436154319627, 0.03131021010032031, 0.030621983530964125, 0.029802628926955732, 0.02885565489049935, 0.02778511650980109, 0.02659559799455935, 0.025292193045674094, 0.02388048304323931, 0.02236651314621496, 0.02075676640612878, 0.019058136005655202, 0.017277895740946736, 0.015423668874124719, 0.013503395489299241, 0.01152529849190942, 0.009497848396981312, 0.007429727057081115, 0.005329790485290031, 0.003207030932396493, 0.0010705383806982605], "h_min": 0.0005352691903490747, "th_min": 0.0010705383806982605}