{"dt": 1.43256553068477e-05, "steps": 26501, "Re": 100, "N": 48, "tol": 1e-07, "bcs": {"U_wall_top": -1, "U_wall_bot": 0, "U_wall_left": 0, "U_wall_right": 0, "V_wall_top": 0, "V_wall_bot": 0, "V_wall_left": 0, "V_wall_right": 0}, "residual_steps": [1, 100, 200, 300, 400, 500, 600, 700, 800, 900, 1000, 1100, 1200, 1300, 1400, 1500, 1600, 1700, 1800, 1900, 2000, 2100, 2200, 2300, 2400, 2500, 2600, 2700, 2800, 2900, 3000, 3100, 3200, 3300, 3400, 3500, 3600, 3700, 3800, 3900, 4000, 4100, 4200, 4300, 4400, 4500, 4600, 4700, 4800, 4900, 5000, 5100, 5200, 5300, 5400, 5500, 5600, 5700, 5800, 5900, 6000, 6100, 6200, 6300, 6400, 6500, 6600, 6700, 6800, 6900, 7000, 7100, 7200, 7300, 7400, 7500, 7600, 7700, 7800, 7900, 8000, 8100, 8200, 8300, 8400, 8500, 8600, 8700, 8800, 8900, 9000, 9100, 9200, 9300, 9400, 9500, 9600, 9700, 9800, 9900, 10000, 10100, 10200, 10300, 10400, 10500, 10600, 10700, 10800, 10900, 11000, 11100, 11200, 11300, 11400, 11500, 11600, 11700, 11800, 11900, 12000, 12100, 12200, 12300, 12400, 12500, 12600, 12700, 12800, 12900, 13000, 13100, 13200, 13300, 13400, 13500, 13600, 13700, 13800, 13900, 14000, 14100, 14200, 14300, 14400, 14500, 14600, 14700, 14800, 14900, 15000, 15100, 15200, 15300, 15400, 15500, 15600, 15700, 15800, 15900, 16000, 16100, 16200, 16300, 16400, 16500, 16600, 16700, 16800, 16900, 17000, 17100, 17200, 17300, 17400, 17500, 17600, 17700, 17800, 17900, 18000, 18100, 18200, 18300, 18400, 18500, 18600, 18700, 18800, 18900, 19000, 19100, 19200, 19300, 19400, 19500, 19600, 19700, 19800, 19900, 20000, 20100, 20200, 20300, 20400, 20500, 20600, 20700, 20800, 20900, 21000, 21100, 21200, 21300, 21400, 21500, 21600, 21700, 21800, 21900, 22000, 22100, 22200, 22300, 22400, 22500, 22600, 22700, 22800, 22900, 23000, 23100, 23200, 23300, 23400, 23500, 23600, 23700, 23800, 23900, 24000, 24100, 24200, 24300, 24400, 24500, 24600, 24700, 24800, 24900, 25000, 25100, 25200, 25300, 25400, 25500, 25600, 25700, 25800, 25900, 26000, 26100, 26200, 26300, 26400, 26500], "diff_list": [1, 6.817404280750044e-06, 4.1136673572601985e-06, 3.027204386557439e-06, 2.385122265811772e-06, 2.0362879652041643e-06, 1.8049766454461547e-06, 1.6090064399788308e-06, 1.4404855857657294e-06, 1.2941596705469578e-06, 1.192292786758066e-06, 1.1197833391959726e-06, 1.0529237705419157e-06, 9.910438610646194e-07, 9.336173598002706e-07, 8.802149173690356e-07, 8.304756147171563e-07, 7.84088949131248e-07, 7.454955952396723e-07, 7.189466950776116e-07, 6.935349829272769e-07, 6.691861905334939e-07, 6.458370167081867e-07, 6.234324132353697e-07, 6.019236471971681e-07, 5.812669030430019e-07, 5.614222639504195e-07, 5.423529624596843e-07, 5.240248241453541e-07, 5.064058508832264e-07, 4.897993296608394e-07, 4.787935141540613e-07, 4.680666204526403e-07, 4.5760842619455705e-07, 4.4740974682218326e-07, 4.3746224583345733e-07, 4.277582825963286e-07, 4.1829079008891615e-07, 4.0905317654459095e-07, 4.000392462471039e-07, 3.9124313572181865e-07, 3.826592623159056e-07, 3.7428228276664005e-07, 3.661070598504762e-07, 3.5812863554514004e-07, 3.503422094704861e-07, 3.4274312160067696e-07, 3.353268384137173e-07, 3.299534727173141e-07, 3.2498750671822174e-07, 3.201007743097381e-07, 3.152916922149508e-07, 3.1055878047490937e-07, 3.059006481545036e-07, 3.0131598105455e-07, 2.968035311447237e-07, 2.923621074887861e-07, 2.879905684639167e-07, 2.8368781508116003e-07, 2.7945278527471626e-07, 2.7528444901999544e-07, 2.7118180417028126e-07, 2.6714387291616043e-07, 2.631696987809816e-07, 2.592583440803528e-07, 2.554088877814928e-07, 2.5162042371342994e-07, 2.478920590625634e-07, 2.442229131410095e-07, 2.4061211635617585e-07, 2.3705880938676774e-07, 2.3425621583327005e-07, 2.3177164112236914e-07, 2.2931375223168848e-07, 2.268822309058234e-07, 2.2447677352176176e-07, 2.2209708948166262e-07, 2.1974289976349481e-07, 2.1741393563040265e-07, 2.1510993746236967e-07, 2.1283065372275714e-07, 2.1057584002372176e-07, 2.0834525830005363e-07, 2.0613867606801561e-07, 2.0395586576484742e-07, 2.0179660416459744e-07, 1.996606718620425e-07, 1.9754785280561363e-07, 1.9545793389840957e-07, 1.9339070463780805e-07, 1.9134595680364921e-07, 1.8932348418328193e-07, 1.8732308233520775e-07, 1.853445483778783e-07, 1.8338768081882506e-07, 1.8172477776788945e-07, 1.8026307350114956e-07, 1.7878920965941347e-07, 1.7730358977058672e-07, 1.7580662682679243e-07, 1.7429874206009027e-07, 1.7343261466762697e-07, 1.7273324616788252e-07, 1.720438886423925e-07, 1.7134605150882776e-07, 1.7063968990290238e-07, 1.6992477216461188e-07, 1.692012792852901e-07, 1.684692043590029e-07, 1.677285520521564e-07, 1.6697933808611579e-07, 1.662215887337018e-07, 1.6545534032219242e-07, 1.6468063876147812e-07, 1.6389753906874763e-07, 1.6310610492266397e-07, 1.623064082171069e-07, 1.614985286361656e-07, 1.6068255323129985e-07, 1.5985857602538942e-07, 1.590266976124466e-07, 1.5818702478031382e-07, 1.5733967014160133e-07, 1.564847517767677e-07, 1.5562239288370583e-07, 1.5475272144944638e-07, 1.538758699192594e-07, 1.5299197488830713e-07, 1.5210117679459803e-07, 1.5120361963102263e-07, 1.5029945065955785e-07, 1.4938882013978277e-07, 1.484718810691038e-07, 1.475487889260156e-07, 1.466197014298419e-07, 1.4617938712182393e-07, 1.457525254551506e-07, 1.4532095974316428e-07, 1.4488467507027883e-07, 1.4444366041969914e-07, 1.4399790855372518e-07, 1.4354741588885195e-07, 1.4309218237694085e-07, 1.4263221138682489e-07, 1.421675095911179e-07, 1.416980868530239e-07, 1.4122395611141161e-07, 1.407451332762974e-07, 1.4026163712042503e-07, 1.3977348917388124e-07, 1.392807136213134e-07, 1.3878333720261649e-07, 1.38281389114054e-07, 1.377749009111133e-07, 1.3726390641352962e-07, 1.367484416163814e-07, 1.3622854459381314e-07, 1.3570425541793718e-07, 1.3517561606429113e-07, 1.3464267033420907e-07, 1.3410546377155483e-07, 1.3356404357511842e-07, 1.3301845853096184e-07, 1.324687589278513e-07, 1.3191499648396512e-07, 1.3135722427577018e-07, 1.3079549666429602e-07, 1.302298692283481e-07, 1.2966039869511878e-07, 1.2908714287383424e-07, 1.2851016059330436e-07, 1.27929511639039e-07, 1.2734525669166538e-07, 1.2675745726881474e-07, 1.2616617566570815e-07, 1.2557147490181372e-07, 1.25062806383483e-07, 1.247837826713616e-07, 1.2450207342558708e-07, 1.2421767483583937e-07, 1.2393058431044157e-07, 1.2364080044643608e-07, 1.2334832300226264e-07, 1.230531528660997e-07, 1.22755292026374e-07, 1.224547435453062e-07, 1.2215151153288986e-07, 1.2184560110959503e-07, 1.215370183933577e-07, 1.2122577045968128e-07, 1.2091186532428924e-07, 1.2059531191059916e-07, 1.202761200284723e-07, 1.1995430034602433e-07, 1.196298643675077e-07, 1.1930282440425488e-07, 1.1897319355776495e-07, 1.1864098568631007e-07, 1.1830621539105773e-07, 1.1796889798744783e-07, 1.1762904948350861e-07, 1.1728668655903995e-07, 1.1694182654132732e-07, 1.1659448738736075e-07, 1.1624468765868146e-07, 1.1589244650360084e-07, 1.1553778363681752e-07, 1.1518071931383017e-07, 1.1482127432226388e-07, 1.1445946995281356e-07, 1.1409532798276403e-07, 1.1372887065994389e-07, 1.133601206832098e-07, 1.1298910118336461e-07, 1.1261583570624373e-07, 1.1224034819883738e-07, 1.1186266298413711e-07, 1.1148280475463054e-07, 1.1110079855061739e-07, 1.1071666974286215e-07, 1.103304440208848e-07, 1.0994214737561347e-07, 1.0955180608550677e-07, 1.0915944670180852e-07, 1.0876509603293533e-07, 1.0836878113059875e-07, 1.0799175445162443e-07, 1.0761664959082345e-07, 1.0736112092662314e-07, 1.071659384674524e-07, 1.0696919566875046e-07, 1.0677089304963333e-07, 1.0657332954718338e-07, 1.0639901140176156e-07, 1.0622285002764506e-07, 1.0604484763964209e-07, 1.0586500686022085e-07, 1.056833307212443e-07, 1.0549982264749028e-07, 1.0531448645404937e-07, 1.0512732633591662e-07, 1.0493834686322104e-07, 1.0474755297168459e-07, 1.0455494995568332e-07, 1.0436054345957374e-07, 1.0416433947075393e-07, 1.0396634431619409e-07, 1.0376656464769138e-07, 1.0356500744447203e-07, 1.0336167999367568e-07, 1.031565898946922e-07, 1.0294974504701862e-07, 1.0274115364332023e-07, 1.0253082416119066e-07, 